Make,baseModel,Model
alfa romeo,164,164
alfa romeo,4c,4c
alfa romeo,giulia,giulia
alfa romeo,gt,gt v6 2.5
alfa romeo,gtv,gtv
alfa romeo,alfetta,alfetta
alfa romeo,milano,milano
alfa romeo,spider,spider
alfa romeo,spider,spider veloce 2000
alfa romeo,stelvio,stelvio
alfa romeo,tonale eawd,tonale eawd
aston martin,db ar1,db ar1
aston martin,db-7 gt,db-7 gt coupe
aston martin,db-7 gt,db-7 gt volante
aston martin,db-7 vantage,db-7 vantage coupe
aston martin,db-7 vantage,db-7 vantage volante
aston martin,db11,db11
aston martin,db12,db12
aston martin,db7,db7
aston martin,db9,db9
aston martin,dbs,dbs
aston martin,dbx,dbx
aston martin,lagonda,lagonda
aston martin,rapide,rapide
aston martin,valour,valour
aston martin,vanquish,v12 vanquish
aston martin,vanquish,vanquish
aston martin,vantage,v12 vantage
aston martin,vantage,v8 vantage
aston martin,vantage,vantage
aston martin,vantage,vantage v12
aston martin,vantage,vantage v8
aston martin,virage,virage
audi,100,100
audi,100,100 quattro
audi,100,100 quattro wagon
audi,100,100 wagon
audi,200,200
audi,200,200 quattro
audi,200,200 quattro 20v
audi,200,200 quattro 20v wagon
audi,200,200 quattro wagon
audi,4000,4000
audi,4000,4000 cs quattro
audi,4000,4000 s
audi,4000,4000 s quattro
audi,4000,4000s
audi,4000,4000s quattro
audi,5000,5000 cs quattro
audi,5000,5000 cs quattro wagon
audi,5000,5000 cs turbo
audi,5000,5000 s
audi,5000,5000 s quattro
audi,5000,5000s
audi,5000,5000s wagon
audi,80/90,80
audi,80/90,80 quattro
audi,80/90,80/90
audi,80/90,80/90 quattro
audi,80/90,90
audi,80/90,90 quattro
audi,80/90,90 quattro 20v
audi,a1,a1
audi,a3,a3
audi,a4,a4
audi,a5,a5
audi,a6,a6
audi,a7,a7
audi,a8,a8
audi,allroad,allroad
audi,allroad,allroad quattro
audi,cabriolet,cabriolet
audi,coupe gt,coupe gt
audi,coupe quattro,coupe quattro
audi,e-tron,e-tron
audi,q2,q2
audi,q3,q3
audi,q4,q4
audi,q5,q5
audi,q7,q7
audi,q8,q8
audi,quattro,quattro
audi,r8,r8
audi,rs,rs 3
audi,rs,rs 4
audi,rs,rs 5
audi,rs,rs 6
audi,rs,rs 7
audi,s3,s3
audi,s4,s4
audi,s5,s5
audi,s6,s6
audi,s7,s7
audi,s8,s8
audi,sq5,sq5
audi,sq7,sq7
audi,sq8,sq8
audi,sq8 e-tron,sq8 e-tron (20 inch wheels)
audi,sq8 e-tron,sq8 e-tron (21/22 inch wheels)
audi,sq8 e-tron,sq8 sportback e-tron (20 inch wheels)
audi,sq8 e-tron,sq8 sportback e-tron (21/22 inch wheels)
audi,tt,tt
audi,tts,tts
audi,v8,v8
bentley,arnage,arnage
bentley,arnage,arnage lwb
bentley,arnage,arnage rl
bentley,azure,azure
bentley,bentayga,bentayga
bentley,brooklands,brooklands
bentley,continental,continental
bentley,flying spur,flying spur
bentley,mulsanne,mulsanne
bentley,mulsanne,mulsanne ewb
bentley,turbo rt,turbo rt
bmw,1 series,1m
bmw,1 series,116i
bmw,1 series,116d
bmw,1 series,118i
bmw,1 series,120i
bmw,1 series,125i
bmw,1 series,128i
bmw,1 series,135i
bmw,1 series,m135i
bmw,1 series,m140i
bmw,2 series,216i
bmw,2 series,216d
bmw,2 series,218i
bmw,2 series,218d
bmw,2 series,220i
bmw,2 series,228i
bmw,2 series,225xe
bmw,2 series,230i
bmw,2 series,m235i
bmw,2 series,m240i
bmw,3 series,316i
bmw,3 series,318i
bmw,3 series,318ci
bmw,3 series,320i
bmw,3 series,323ci
bmw,3 series,323i
bmw,3 series,323is
bmw,3 series,325ci
bmw,3 series,325xi
bmw,3 series,325i
bmw,3 series,328ci
bmw,3 series,328cxi
bmw,3 series,328d
bmw,3 series,328d xdrive
bmw,3 series,328d xdrive sports wagon
bmw,3 series,328i
bmw,3 series,328ic
bmw,3 series,328is
bmw,3 series,328xi
bmw,3 series,328xi sport wagon
bmw,3 series,330ci
bmw,3 series,330ci convertible
bmw,3 series,330e
bmw,3 series,330e sedan
bmw,3 series,330e xdrive
bmw,3 series,330e xdrive sedan
bmw,3 series,330i
bmw,3 series,330i sedan
bmw,3 series,330i xdrive
bmw,3 series,330i xdrive gran turismo
bmw,3 series,330i xdrive sedan
bmw,3 series,330i xdrive sports wagon
bmw,3 series,330xi
bmw,3 series,335ci
bmw,3 series,335d
bmw,3 series,335i
bmw,3 series,340i
bmw,3 series,340i xdrive
bmw,3 series,340i xdrive gran turismo
bmw,3 series,activehybrid 3
bmw,3 series,m340i sedan
bmw,3 series,m340i xdrive sedan
bmw,4 series,420i
bmw,4 series,428i
bmw,4 series,430i
bmw,4 series,435i
bmw,4 series,440i
bmw,4 series,m440i
bmw,5 series,520i
bmw,5 series,520d
bmw,5 series,523i
bmw,5 series,525i
bmw,5 series,525i sport wagon
bmw,5 series,525xi
bmw,5 series,528i
bmw,5 series,528xi
bmw,5 series,530e
bmw,5 series,530e sedan
bmw,5 series,530i
bmw,5 series,530i sedan
bmw,5 series,530xi
bmw,5 series,530xi sport wagon
bmw,5 series,535d
bmw,5 series,535i
bmw,5 series,535xi
bmw,5 series,540d xdrive
bmw,5 series,540i
bmw,5 series,540i sedan
bmw,5 series,540i xdrive sedan
bmw,5 series,545i
bmw,5 series,550 gt
bmw,5 series,550i
bmw,5 series,550i gran turismo
bmw,5 series,550i xdrive
bmw,5 series,550i xdrive gran turismo
bmw,5 series,550i xdrive gt
bmw,5 series,activehybrid 5
bmw,5 series,m550i xdrive sedan
bmw,6 series,630i
bmw,6 series,630ci
bmw,6 series,635csi
bmw,6 series,640i
bmw,6 series,645ci
bmw,6 series,645ci convertible
bmw,6 series,650ci
bmw,6 series,alpina b6
bmw,7 series,730i
bmw,7 series,730li
bmw,7 series,730ld
bmw,7 series,735i
bmw,7 series,735il
bmw,7 series,740e xdrive
bmw,7 series,740i
bmw,7 series,740i sedan
bmw,7 series,740i xdrive
bmw,7 series,740i xdrive sedan
bmw,7 series,740i/740i sport
bmw,7 series,740il
bmw,7 series,740il/740il protection
bmw,7 series,740ld xdrive
bmw,7 series,740li
bmw,7 series,740li xdrive
bmw,7 series,745e xdrive
bmw,7 series,745i
bmw,7 series,745li
bmw,7 series,750 series
bmw,7 series,750i
bmw,7 series,750i xdrive
bmw,7 series,750i xdrive sedan
bmw,7 series,750il
bmw,7 series,750il/750il protection
bmw,7 series,750li
bmw,7 series,750li xdrive
bmw,7 series,760i
bmw,7 series,760i xdrive sedan
bmw,7 series,760li
bmw,7 series,activehybrid 7
bmw,7 series,activehybrid 7i
bmw,7 series,activehybrid 7l
bmw,7 series,activehybrid 7li
bmw,7 series,alpina b7
bmw,7 series,alpina b7 lwb
bmw,7 series,alpina b7 lwb xdrive
bmw,7 series,alpina b7 swb
bmw,7 series,alpina b7 swb xdrive
bmw,7 series,alpina b7 xdrive
bmw,7 series,m760i xdrive
bmw,7 series,m760i xdrive sedan
bmw,8 series,840ci
bmw,8 series,840i
bmw,8 series,850ci
bmw,8 series,850csi
bmw,8 series,850i
bmw,8 series,alpina b8 gran coupe
bmw,8 series,m850i xdrive convertible
bmw,8 series,m850i xdrive coupe
bmw,8 series,m850i xdrive gran coupe
bmw,active e,active e
bmw,activehybrid x6,activehybrid x6
bmw,i3,i3
bmw,i4,i4
bmw,i5,i5
bmw,i7,i7
bmw,i8,i8
bmw,m,m coupe
bmw,m,m roadster
bmw,m,m2
bmw,m,m235i
bmw,m,m240i
bmw,m,m3
bmw,m,m4
bmw,m,m5
bmw,m,m6
bmw,m,m7
bmw,m,m8
bmw,m,x5
bmw,m,x6
bmw,x1,x1
bmw,x2,x2
bmw,x3,x3
bmw,x4,x4
bmw,x5,x5
bmw,x6,x6
bmw,x7,x7
bmw,xm,xm
bmw,z3,z3
bmw,z4,z4
bmw,z8,z8
bugatti,chiron,chiron
bugatti,chiron,chiron pur sport
bugatti,chiron,chiron super sport
bugatti,divo,divo
bugatti,veyron,veyron
buick,cascada,cascada
buick,century,century
buick,century estate wagon,century estate wagon
buick,century wagon,century wagon
buick,coachbuilder wagon,coachbuilder wagon
buick,electra estate wagon,electra estate wagon
buick,electra/park avenue,electra/park avenue
buick,enclave,enclave awd
buick,enclave,enclave fwd
buick,encore,encore
buick,encore,encore awd
buick,encore,encore fwd
buick,encore,encore gx awd
buick,encore,encore gx fwd
buick,envision,envision awd
buick,envision,envision fwd
buick,envista,envista
buick,estate wagon,estate wagon
buick,funeral coach/hearse,funeral coach/hearse
buick,lacrosse,lacrosse
buick,lacrosse,lacrosse awd
buick,lacrosse,lacrosse eassist
buick,lacrosse/allure,lacrosse/allure
buick,lacrosse/allure,lacrosse/allure awd
buick,lesabre,lesabre
buick,lesabre/electra wagon,lesabre/electra wagon
buick,lucerne,lucerne
buick,park avenue,park avenue
buick,rainier,rainier 2wd
buick,rainier,rainier awd
buick,reatta,reatta
buick,regal,regal
buick,regal,regal awd
buick,regal,regal eassist
buick,regal,regal tourx awd
buick,regal/century,regal/century
buick,rendezvous,rendezvous awd
buick,rendezvous,rendezvous fwd
buick,riviera,riviera
buick,riviera,riviera convertible
buick,roadmaster,roadmaster
buick,roadmaster,roadmaster wagon
buick,skyhawk,skyhawk
buick,skyhawk,skyhawk wagon
buick,skylark,skylark
buick,somerset regal,somerset regal
buick,somerset/skylark,somerset/skylark
buick,terraza,terraza awd
buick,terraza,terraza fwd
buick,verano,verano
byd,e6,e6
cadillac,allante,allante
cadillac,armored deville,armored deville
cadillac,armored dts,armored dts
cadillac,ats,ats
cadillac,ats,ats awd
cadillac,ats,ats-v
cadillac,ats-v,ats-v
cadillac,brougham,brougham
cadillac,brougham/deville,brougham/deville (rwd)
cadillac,catera,catera
cadillac,cimarron,cimarron
cadillac,commercial chassis,commercial chassis
cadillac,ct4,ct4
cadillac,ct4,ct4 awd
cadillac,ct4,ct4 v
cadillac,ct4,ct4 v awd
cadillac,ct5,ct5
cadillac,ct5,ct5 awd
cadillac,ct5,ct5 v
cadillac,ct5,ct5 v awd
cadillac,ct6,ct6
cadillac,ct6,ct6 awd
cadillac,ct6,ct6 plug-in
cadillac,cts,cts
cadillac,cts,cts awd
cadillac,cts,cts sedan
cadillac,cts,cts sedan awd
cadillac,cts,cts v
cadillac,cts,cts wagon
cadillac,cts,cts wagon awd
cadillac,cts,cts-v
cadillac,cts-v,cts-v
cadillac,deville,deville
cadillac,deville/60 special,deville/60 special
cadillac,deville/concourse,deville/concourse
cadillac,dts,dts
cadillac,eldorado,eldorado
cadillac,eldorado,eldorado convertible
cadillac,elr,elr
cadillac,elr,elr sport
cadillac,escalade,escalade
cadillac,fleetwood,fleetwood
cadillac,fleetwood brougham,fleetwood brougham
cadillac,fleetwood brougham,fleetwood brougham (rwd)
cadillac,fleetwood/deville,fleetwood/deville
cadillac,fleetwood/deville,fleetwood/deville (fwd)
cadillac,funeral coach/hearse,funeral coach / hearse
cadillac,funeral coach/hearse,funeral coach/hearse
cadillac,limousine,limousine
cadillac,lyriq,lyriq
cadillac,lyriq,lyriq awd
cadillac,seville,seville
cadillac,srx,srx
cadillac,srx,srx 2wd
cadillac,srx,srx awd
cadillac,sts,sts
cadillac,sts,sts 2wd
cadillac,sts,sts awd
cadillac,sts-v,sts-v
cadillac,xlr,xlr
cadillac,xlr-v,xlr-v
cadillac,xt4,xt4 awd
cadillac,xt4,xt4 fwd
cadillac,xt5,xt5
cadillac,xt5,xt5 awd
cadillac,xt5,xt5 fwd
cadillac,xt5,xt5 hearse awd
cadillac,xt5,xt5 hearse fwd
cadillac,xt5,xt5 limo awd
cadillac,xt5,xt5 limo fwd
cadillac,xt6,xt6 awd
cadillac,xt6,xt6 fwd
cadillac,xts,xts
cadillac,xts,xts awd
cadillac,xts hearse,xts hearse
cadillac,xts limo,xts limo
ccc engineering,duntov gt,duntov gt
chevrolet,astro cargo,astro
chevrolet,avalanche,avalanche
chevrolet,aveo,aveo
chevrolet,aveo,aveo 5
chevrolet,beretta,beretta
chevrolet,blazer,blazer 1500 4wd
chevrolet,blazer,blazer
chevrolet,blazer,k10 blazer
chevrolet,blazer,s10 blazer
chevrolet,blazer,s10 blazer
chevrolet,blazer,v10 blazer 4wd
chevrolet,bolt euv,bolt euv
chevrolet,bolt ev,bolt ev
chevrolet,c10 pickup,c10 pickup 2wd
chevrolet,c1500 pickup,c1500 pickup 2wd
chevrolet,c20 pickup,c20 pickup 2wd
chevrolet,c2500 pickup,c2500 pickup 2wd
chevrolet,camaro,camaro
chevrolet,caprice,caprice
chevrolet,caprice,caprice wagon
chevrolet,captiva,captiva
chevrolet,cavalier,cavalier
chevrolet,cavalier,cavalier convertible
chevrolet,cavalier,cavalier dual-fuel
chevrolet,cavalier,cavalier wagon
chevrolet,celebrity,celebrity
chevrolet,celebrity,celebrity wagon
chevrolet,chevette,chevette
chevrolet,chevette,chevette cs
chevrolet,citation ii,citation ii
chevrolet,city express cargo van,city express cargo van
chevrolet,classic,classic
chevrolet,coachbuilder wagon,coachbuilder wagon
chevrolet,cobalt,cobalt
chevrolet,cobalt,cobalt coupe
chevrolet,cobalt,cobalt sedan
chevrolet,cobalt,cobalt ss coupe
chevrolet,cobalt,cobalt xfe
chevrolet,cobalt,cobalt xfe coupe
chevrolet,cobalt,cobalt xfe sedan
chevrolet,colorado,colorado 2wd
chevrolet,colorado,colorado 4wd
chevrolet,colorado,colorado cab chassis 2wd
chevrolet,colorado,colorado cab chassis inc 2wd
chevrolet,colorado,colorado cab chassis inc 4wd
chevrolet,colorado,colorado crew cab 2wd
chevrolet,colorado,colorado crew cab 4wd
chevrolet,colorado,colorado mud terrain tires 4wd
chevrolet,colorado,colorado zr2 4wd
chevrolet,colorado,colorado zr2 bison 4wd
chevrolet,corsica,corsica
chevrolet,corvette,corvette
chevrolet,corvette,corvette convertible
chevrolet,corvette,corvette e-ray
chevrolet,corvette,corvette z06
chevrolet,corvette,corvette z06 carbon aero
chevrolet,corvette,corvette zr1
chevrolet,corvette,twin-turbo corvette
chevrolet,cruze,cruze
chevrolet,cruze,cruze eco
chevrolet,cruze,cruze hatchback
chevrolet,cruze,cruze limited
chevrolet,cruze,cruze limited  eco
chevrolet,cruze,cruze premier
chevrolet,cruze,cruze premier hatchback
chevrolet,el camino pickup,el camino pickup 2wd
chevrolet,epica,epica
chevrolet,equinox,equinox awd
chevrolet,equinox,equinox ev awd
chevrolet,equinox,equinox ev fwd
chevrolet,equinox,equinox fwd
chevrolet,express cargo,express 1500 2wd cargo
chevrolet,express cargo,express 1500 2wd conversion cargo
chevrolet,express cargo,express 1500 awd cargo
chevrolet,express cargo,express 1500 awd conversion cargo
chevrolet,express cargo,express 2500 2wd cargo
chevrolet,express cargo,express 2500 2wd conversion cargo
chevrolet,express cargo,express 3500 2wd cargo
chevrolet,express cargo,express cargo (bi-fuel)
chevrolet,express cargo,express cargo (dedicated cng)
chevrolet,express passenger,express 1500 2wd passenger
chevrolet,express passenger,express 1500 awd
chevrolet,express passenger,express 1500 awd passenger
chevrolet,express passenger,express 1500/2500 2wd
chevrolet,express passenger,express 2500 2wd passenger
chevrolet,express passenger,express 3500 2wd passenger
chevrolet,express passenger,express passenger (bi-fuel)
chevrolet,express passenger,express passenger (dedicated cng)
chevrolet,g10/20 van,g10/20 sport van 2wd
chevrolet,g10/20 van,g10/20 van 2wd
chevrolet,g10/20 van,g10/20 van 2wd (cargo)
chevrolet,g30 van,g30 van 2wd
chevrolet,g30 van,g30 van 2wd (cargo)
chevrolet,hhr,hhr fwd
chevrolet,hhr,hhr panel fwd
chevrolet,impala,impala
chevrolet,impala,impala bi-fuel  (cng)
chevrolet,impala,impala eassist
chevrolet,impala,impala limited
chevrolet,impala,impala police
chevrolet,impala/caprice,caprice/impala
chevrolet,impala/caprice,caprice/impala wagon
chevrolet,impala/caprice,impala/caprice
chevrolet,k10 pickup,k10 pickup 4wd
chevrolet,k1500 pickup,k1500 pickup 4wd
chevrolet,k20 pickup,k20 pickup 4wd
chevrolet,k2500 pickup,k2500 pickup 4wd
chevrolet,lumina,lumina
chevrolet,lumina minivan,lumina minivan 2wd
chevrolet,lumina/apv minivan,lumina/apv minivan 2wd
chevrolet,lumina/monte carlo,lumina/monte carlo
chevrolet,malibu,malibu
chevrolet,metro,metro
chevrolet,monte carlo,monte carlo
chevrolet,nova,nova
chevrolet,optra,optra
chevrolet,optra,optra 5
chevrolet,optra,optra wagon
chevrolet,pickup 2500,pickup 2500 2wd
chevrolet,pickup 2500,pickup 2500 4wd
chevrolet,postal cab chassis,postal cab chassis 2wd
chevrolet,prizm,prizm
chevrolet,r10 pickup,r10 pickup 2wd
chevrolet,r20 (c20) pickup,r20 (c20) pickup 2wd
chevrolet,s10 cab chassis,s10 cab chassis 2wd
chevrolet,s10 pickup,s10 electric
chevrolet,s10 pickup,s10 pickup 2wd
chevrolet,s10 pickup,s10 pickup 2wd ffv
chevrolet,s10 pickup,s10 pickup 4wd
chevrolet,s10 utility body,s10 utility body 2wd
chevrolet,silverado,silverado 15
chevrolet,silverado,silverado 1500 2wd
chevrolet,silverado,silverado 1500 4wd
chevrolet,silverado,silverado 1500 awd
chevrolet,silverado,silverado 2500 2wd
chevrolet,silverado,silverado 2500 2wd (bifuel)
chevrolet,silverado,silverado 2500 hd 2wd
chevrolet,silverado,silverado 2500 hd 2wd cng
chevrolet,silverado,silverado 2500 hd 4wd cng
chevrolet,silverado,silverado
chevrolet,silverado,silverado c10
chevrolet,silverado,silverado c15
chevrolet,silverado,silverado cab
chevrolet,silverado,silverado classic 15
chevrolet,silverado,silverado ev
chevrolet,silverado,silverado k10
chevrolet,silverado,silverado k15
chevrolet,silverado,silverado ld c15 2wd
chevrolet,silverado,silverado ld k15 4wd
chevrolet,silverado,silverado mud terrain tires 4wd
chevrolet,silverado,silverado ss 1500 awd
chevrolet,sonic,sonic
chevrolet,sonic,sonic 5
chevrolet,sonic,sonic 5 rs
chevrolet,sonic,sonic rs
chevrolet,spark,spark
chevrolet,spark,spark activ
chevrolet,spark,spark ev
chevrolet,spectrum,spectrum
chevrolet,spectrum,spectrum turbo
chevrolet,sport van,g10/20 sport van 2wd
chevrolet,sport van,g30 sport van 2wd
chevrolet,sport van,sport van g10/20 2wd
chevrolet,sport van,sport van g10/20 2wd (passenger)
chevrolet,sport van,sport van g30  2wd
chevrolet,sport van,sport van g30 2wd
chevrolet,sport van,sport van g30 2wd (cargo)
chevrolet,sprint,sprint
chevrolet,sprint,sprint er
chevrolet,sprint,sprint metro
chevrolet,sprint,sprint plus
chevrolet,sprint,turbo sprint
chevrolet,ss,ss
chevrolet,ssr pickup,ssr pickup 2wd
chevrolet,suburban,r10 suburban 2wd
chevrolet,suburban,r1500 suburban 2wd
chevrolet,suburban,suburban 1500 2wd
chevrolet,suburban,suburban 1500 4wd
chevrolet,suburban,suburban 1500 awd
chevrolet,suburban,suburban 2500 2wd
chevrolet,suburban,suburban 2500 4wd
chevrolet,suburban,suburban 2wd
chevrolet,suburban,suburban 4wd
chevrolet,suburban,suburban c10 2wd
chevrolet,suburban,suburban c1500 2wd
chevrolet,suburban,suburban k10 4wd
chevrolet,suburban,suburban k1500 4wd
chevrolet,suburban,suburban v1500 4wd
chevrolet,suburban,v10 (k10) suburban 4wd
chevrolet,suburban,v10 suburban 4wd
chevrolet,t10 (s10) pickup,t10 (s10) pickup 4wd
chevrolet,tahoe,tahoe 1500 2wd
chevrolet,tahoe,tahoe 1500 4wd
chevrolet,tahoe,tahoe 1500 awd
chevrolet,tahoe,tahoe 1500 xfe 2wd
chevrolet,tahoe,tahoe
chevrolet,tahoe,tahoe k10 4wd
chevrolet,tahoe,tahoe k1500 4wd
chevrolet,tracker,tracker 2wd convertible
chevrolet,tracker,tracker 2wd hardtop
chevrolet,tracker,tracker 4wd convertible
chevrolet,tracker,tracker 4wd hardtop
chevrolet,tracker,tracker lt 2wd
chevrolet,tracker,tracker lt 4wd
chevrolet,tracker,tracker zr2 4wd
chevrolet,tracker,tracker zr2 4wd convertible
chevrolet,trailblazer,trailblazer 2wd
chevrolet,trailblazer,trailblazer 4wd
chevrolet,trailblazer,trailblazer awd
chevrolet,trailblazer,trailblazer ext 2wd
chevrolet,trailblazer,trailblazer ext 4wd
chevrolet,trailblazer,trailblazer fwd
chevrolet,traverse,traverse awd
chevrolet,traverse,traverse fwd
chevrolet,traverse,traverse limited awd
chevrolet,traverse,traverse limited fwd
chevrolet,trax,trax
chevrolet,trax,trax awd
chevrolet,trax,trax fwd
chevrolet,uplander,uplander awd
chevrolet,uplander,uplander fwd
chevrolet,v10 (k10) pickup,v10 (k10) pickup 4wd
chevrolet,v20 pickup,v20 pickup 4wd
chevrolet,van 15/25 conversion,van 15/25  2wd conversion
chevrolet,van 15/25 conversion,van 15/25 2wd conversion
chevrolet,van 1500,van 1500 2wd cargo
chevrolet,van 1500,van 1500 2wd conversion cargo
chevrolet,van 1500,van 1500 awd cargo
chevrolet,van 1500,van 1500 awd conversion
chevrolet,van 1500,van 1500 awd conversion cargo
chevrolet,van 1500/2500,van 1500/2500 2wd
chevrolet,van 1500/2500,van 1500/2500 awd
chevrolet,venture,venture 2wd
chevrolet,venture,venture awd
chevrolet,venture,venture fwd
chevrolet,volt,volt
chrysler,200,200
chrysler,200,200 awd
chrysler,200,200 convertible
chrysler,300,300
chrysler,300,300 awd
chrysler,300,300 m
chrysler,300,300c awd
chrysler,300 srt8,300 srt8
chrysler,300 srt8,300/srt-8
chrysler,300 srt8,300c/srt-8
chrysler,aspen,aspen 2wd
chrysler,aspen,aspen 4wd
chrysler,aspen,aspen hev
chrysler,cirrus,cirrus
chrysler,concorde,concorde
chrysler,concorde/lhs,concorde/lhs
chrysler,conquest,conquest
chrysler,crossfire,crossfire
chrysler,crossfire,crossfire coupe
chrysler,crossfire,crossfire roadster
chrysler,e class/new yorker,e class/new yorker
chrysler,executive sedan/limousine,executive sedan/limousine
chrysler,fifth avenue/imperial,fifth avenue/imperial
chrysler,imperial/new yorker fifth avenue,imperial/new yorker fifth avenue
chrysler,jx/jxi/limited convertible,jx/jxi/limited convertible
chrysler,laser,laser
chrysler,laser/daytona,laser/daytona
chrysler,lebaron,lebaron
chrysler,lebaron,lebaron convertible
chrysler,lebaron,lebaron gts
chrysler,lebaron,lebaron landau
chrysler,lhs,lhs
chrysler,limousine,limousine
chrysler,new yorker,new yorker
chrysler,new yorker,new yorker turbo
chrysler,new yorker fifth avenue/imperial,new yorker fifth avenue/imperial
chrysler,new yorker/5th avenue,new yorker/5th avenue
chrysler,new yorker/lhs,new yorker/lhs
chrysler,newport/fifth avenue,newport/fifth avenue
chrysler,pacifica,pacifica
chrysler,pacifica,pacifica 2wd
chrysler,pacifica,pacifica awd
chrysler,pacifica,pacifica fwd
chrysler,pacifica,pacifica hybrid
chrysler,prowler,prowler
chrysler,pt cruiser,pt cruiser
chrysler,pt cruiser,pt cruiser convertible
chrysler,qc car,qc car
chrysler,sebring,sebring
chrysler,sebring,sebring 4 door
chrysler,sebring,sebring awd
chrysler,sebring,sebring convertible
chrysler,tc,tc by
chrysler,tc,tc by convertible
chrysler,tc,tc by maserati
chrysler,town and country,town and country
chrysler,town and country,town and country 2wd
chrysler,town and country,town and country 4wd
chrysler,town and country,town and country awd
chrysler,town and country,town and country wagon
chrysler,town and country/voyager/grand voyager,town and country/voyager/grand voy. 2wd
chrysler,town and country/voyager/grand voyager,town and country/voyager/grand voy. awd
chrysler,voyager,voyager
chrysler,voyager/town and country,voyager/town and country 2wd
citroen,berlingo,berlingo
citroen,berlingo,e-berlingo
citroen,c3,c3
citroen,c4,c4
citroen,c4,e-c4
citroen,c5,c5
citroen,dispatch,dispatch
citroen,dispatch,e-dispatch
citroen,ds3,ds3
citroen,ds4,ds4
citroen,ds5,ds5
dodge,600,600
dodge,600,600 convertible
dodge,aries,aries
dodge,aries,aries wagon
dodge,avenger,avenger
dodge,avenger,avenger awd
dodge,b150/b250 van,b150/b250 van 2wd
dodge,b150/b250 wagon,b150/b250 wagon 2wd
dodge,b1500 van,b1500 van 2wd
dodge,b1500 wagon,b1500 wagon 2wd
dodge,b1500/b2500 van,b1500/b2500 van 2wd
dodge,b1500/b2500 wagon,b1500/b2500 wagon 2wd
dodge,b2500 van,b2500 van 2wd
dodge,b2500 wagon,b2500 wagon 2wd
dodge,b350 van,b350 van 2wd
dodge,b350 wagon,b350 wagon 2wd
dodge,b3500 van,b3500 van 2wd
dodge,b3500 wagon,b3500 wagon 2wd
dodge,caliber,caliber
dodge,caliber,caliber awd
dodge,caravan c/v/grand caravan,caravan c/v/grand caravan 2wd
dodge,caravan c/v/grand caravan,caravan c/v/grand caravan 4wd
dodge,caravan/grand caravan,caravan/grand caravan 2wd
dodge,caravan/grand caravan,caravan/grand caravan 4wd
dodge,caravan/grand caravan,caravan/grand caravan awd
dodge,caravan/grand caravan,caravan/grand caravan fwd
dodge,caravan/grand caravan/ram van,caravan/grand caravan/ram van 2wd
dodge,caravan/ram van,caravan/ram van 2wd
dodge,challenger,challenger
dodge,challenger,challenger gt
dodge,challenger,challenger srt
dodge,charger,charger
dodge,charger,charger widebody
dodge,colt,colt
dodge,colt,colt vista
dodge,colt,colt vista 4wd
dodge,colt,colt wagon
dodge,colt,colt wagon 4wd
dodge,conquest,conquest
dodge,csx,csx
dodge,d100/d150 pickup,d100/d150 pickup 2wd
dodge,d250 cab chassis,d250 cab chassis 2wd
dodge,d250 pickup,d250 pickup 2wd
dodge,d250 pickup cab chassis,d250 pickup cab chassis 2wd
dodge,dakota cab chassis,dakota cab chassis 2wd
dodge,dakota pickup,dakota pickup 2wd
dodge,dakota pickup,dakota pickup 4wd
dodge,dart,dart
dodge,dart,dart aero
dodge,dart,dart gt
dodge,daytona,daytona
dodge,diplomat,diplomat
dodge,durango,durango 2wd
dodge,durango,durango 4wd
dodge,durango,durango awd
dodge,durango,durango hev
dodge,durango,durango rwd
dodge,durango,durango srt awd
dodge,dynasty,dynasty
dodge,glh-s,glh-s
dodge,grand caravan,grand caravan
dodge,hornet,hornet awd
dodge,hornet,hornet phev awd
dodge,intrepid,intrepid
dodge,journey,journey
dodge,journey,journey  2wd
dodge,journey,journey  4wd
dodge,journey,journey  awd
dodge,journey,journey awd
dodge,journey,journey fwd
dodge,lancer,lancer
dodge,lancer,lancer convertible
dodge,magnum,magnum
dodge,magnum,magnum 2wd
dodge,magnum,magnum awd
dodge,monaco,monaco
dodge,neon,neon
dodge,neon/srt-4/sx 2.0,neon/srt-4/sx 2.0
dodge,nitro,nitro 2wd
dodge,nitro,nitro 4wd
dodge,omni,omni
dodge,power ram 50 pickup,power ram 50 4wd
dodge,power ram 50 pickup,power ram 50 pickup 4wd
dodge,power ram 50 pickup,power ram50 4wd
dodge,raider,raider
dodge,raider,raider 4wd
dodge,ram 1500 pickup,ram 1500 pickup 2wd
dodge,ram 1500 pickup,ram 1500 pickup 4wd
dodge,ram 2500 pickup,ram 2500 pickup 2wd
dodge,ram 2500 pickup,ram 2500 pickup 4wd
dodge,ram 50 pickup,ram 50 pickup 2wd
dodge,ram van 1500,ram van 1500 2wd
dodge,ram van 2500,ram van 2500 2wd
dodge,ram van 2500,ram van 2500 2wd cng
dodge,ram wagon 1500,ram wagon 1500 2wd
dodge,ram wagon 2500,ram wagon 2500 2wd
dodge,ram wagon 2500,ram wagon 2500 2wd cng
dodge,ramcharger,ad100/ad150 ramcharger 2wd
dodge,ramcharger,aw100/aw150 ramcharger 4wd
dodge,ramcharger,ramcharger 2wd
dodge,ramcharger,ramcharger 4wd
dodge,rampage pickup,rampage pickup 2wd
dodge,shadow,shadow
dodge,shadow,shadow convertible
dodge,spirit,spirit
dodge,stealth,stealth
dodge,stratus,stratus
dodge,stratus,stratus 4 door
dodge,viper,viper
dodge,viper,viper convertible
dodge,viper,viper coupe
dodge,viper,viper srt
dodge,w100/w150 pickup,w100/w150 pickup 4wd
dodge,w250 pickup,w250 pickup
ferrari,296,296
ferrari,308,308
ferrari,328,328
ferrari,348,348
ferrari,360,360
ferrari,458,458
ferrari,488,488
ferrari,550,550
ferrari,575,575
ferrari,575 m maranello,575 m maranello
ferrari,575 m maranello and superamerica,575 m maranello and superamerica
ferrari,599 gtb,599 gtb
ferrari,599 gtb fiorano,599 gtb fiorano
ferrari,599 gto,599 gto
ferrari,599 sa aperta,599 sa aperta
ferrari,612 scaglietti,612 scaglietti
ferrari,812 competizione,812 competizione
ferrari,812 competizione,812 competizione a
ferrari,812 gts,812 gts
ferrari,812 superfast,812 superfast
ferrari,california,california
ferrari,daytona sp3,daytona sp3
ferrari,enzo ferrari,enzo ferrari
ferrari,f 40,f 40
ferrari,f12,f12
ferrari,f141,f141
ferrari,f175 aha,f175 aha
ferrari,f355/355 f1,f355/355 f1
ferrari,f40,f40
ferrari,f430,f430
ferrari,f60 america,f60 america
ferrari,f8,f8
ferrari,ferrari 348 tb/ts,ferrari 348 tb/ts
ferrari,ferrari 348 tb/ts/spider,ferrari 348 tb/ts/spider
ferrari,ferrari 456,ferrari 456
ferrari,ferrari 456,ferrari 456 gt
ferrari,ferrari 456,ferrari 456 gt/gta
ferrari,ferrari 512 tr,ferrari 512 tr
ferrari,ferrari 550 maranello,ferrari 550 maranello
ferrari,ferrari f355,ferrari f355
ferrari,ferrari f355 berlinetta/gts,ferrari f355 berlinetta/gts
ferrari,ferrari f355/355 f1,ferrari f355/355 f1
ferrari,ferrari f50,ferrari f50
ferrari,ferrari f512m,ferrari f512m
ferrari,ferrari mondial t/cabriolet,ferrari mondial t/cabriolet
ferrari,ff,ff
ferrari,gtc4lusso,gtc4lusso
ferrari,gtc4lusso,gtc4lusso t
ferrari,laferrari,laferrari aperta
ferrari,laferrari,laferrari hybrid
ferrari,mondial,mondial
ferrari,mondial t/cabriolet,mondial t/cabriolet
ferrari,mondial/cabriolet,mondial/cabriolet
ferrari,monza sp1,monza sp1
ferrari,monza sp2,monza sp2
ferrari,portofino,portofino
ferrari,portofino,portofino m
ferrari,purosangue,purosangue
ferrari,roma,roma
ferrari,roma,roma spider
ferrari,sf90 spider,sf90 spider
ferrari,sf90 stradale,sf90 stradale
ferrari,sf90 stradale coupe,sf90 stradale coupe
ferrari,testarossa,testarossa
fiat,124 spider,124 spider
fiat,500,500
fiat,500,500 abarth
fiat,500,500 cabrio
fiat,500,500 l
fiat,500,500x awd
fiat,500 l,500 l
fiat,500 x,500 x
fiat,500 x,500 x awd
fiat,500e,500e
fiat,500e,500e all season
fisker,karma,karma
fisker,ocean,ocean extreme one
ford,aerostar van,aerostar van
ford,aerostar van,aerostar van awd
ford,aerostar wagon,aerostar wagon
ford,aerostar wagon,aerostar wagon awd
ford,aspire,aspire
ford,bronco,bronco 4wd
ford,bronco,bronco badlands 4wd
ford,bronco,bronco black diamond 4wd
ford,bronco,bronco raptor 4wd
ford,bronco,bronco sasquatch 4wd
ford,bronco ii,bronco ii 2wd
ford,bronco ii,bronco ii 4wd
ford,bronco sport,bronco sport 4wd
ford,c-max,c-max energi plug-in hybrid
ford,c-max,c-max hybrid fwd
ford,contour,contour
ford,courier,courier
ford,courier,courier pickup 2wd
ford,courier,courier pickup 4wd
ford,crown victoria,crown victoria
ford,crown victoria,crown victoria cng
ford,crown victoria,crown victoria ffv
ford,crown victoria,crown victoria police
ford,e150 club wagon,e150 club wagon
ford,e150 club wagon,e150 club wagon 2wd
ford,e150 econoline,e150 econoline 2wd
ford,e150 van,e150 van ffv
ford,e150 wagon,e150 wagon ffv
ford,e250 econoline,e250 econoline 2wd
ford,e250 econoline,e250 econoline 2wd cng
ford,e250 van,e250 cng
ford,e250 van,e250 van ffv
ford,e350 van,e350 van
ford,e350 van,e350 van ffv
ford,e350 wagon,e350 wagon
ford,e350 wagon,e350 wagon ffv
ford,ecosport,ecosport awd
ford,ecosport,ecosport fwd
ford,edge,edge awd
ford,edge,edge fwd
ford,escape,escape 2wd
ford,escape,escape 4wd
ford,escape,escape 4wd ffv
ford,escape,escape awd
ford,escape,escape awd ffv
ford,escape,escape awd hev
ford,escape,escape fwd
ford,escape,escape fwd ffv
ford,escape,escape fwd hev
ford,escape,escape fwd phev
ford,escape,escape hybrid 2wd
ford,escape,escape hybrid 4wd
ford,escape,escape hybrid awd
ford,escape,escape hybrid fwd
ford,escort,escort
ford,escort,escort fs
ford,escort,escort wagon
ford,escort,escort zx2
ford,exp,exp
ford,expedition,expedition 2wd
ford,expedition,expedition 2wd ffv
ford,expedition,expedition 4wd
ford,expedition,expedition 4wd ffv
ford,expedition,expedition el 2wd
ford,expedition,expedition el 4wd
ford,expedition,expedition limo. 2wd ffv
ford,expedition,expedition max 2wd
ford,expedition,expedition max 4wd
ford,expedition,expedition timberline awd
ford,explorer,explorer 2wd
ford,explorer,explorer 2wd ffv
ford,explorer,explorer 4wd
ford,explorer,explorer 4wd ffv
ford,explorer,explorer awd
ford,explorer,explorer awd ffv
ford,explorer,explorer ffv awd
ford,explorer,explorer fwd
ford,explorer,explorer hev awd
ford,explorer,explorer hev rwd
ford,explorer,explorer platinum hev awd
ford,explorer,explorer platinum hev rwd
ford,explorer,explorer rwd
ford,explorer,explorer sport 2wd
ford,explorer,explorer sport 2wd ffv
ford,explorer,explorer sport 4wd
ford,explorer,explorer sport 4wd ffv
ford,explorer,explorer sport trac 2wd
ford,explorer,explorer sport trac 2wd ffv
ford,explorer,explorer sport trac 4wd
ford,explorer,explorer sport trac 4wd ffv
ford,explorer,explorer timberline awd
ford,explorer,explorer usps 2wd
ford,explorer,explorer usps 2wd ffv
ford,explorer,explorer usps 4wd
ford,explorer,explorer usps 4wd ffv
ford,explorer,explorer usps electric
ford,f-150 lightning,f-150 lightning 4wd
ford,f-150 lightning,f-150 lightning 4wd extended range
ford,f-150 lightning,f-150 lightning platinum 4wd
ford,f-150 lightning,f-150 lightning pro 4wd extended range
ford,f150,f150 2.7l 2wd gvwr>6649 lbs
ford,f150,f150 2.7l 2wd gvwr>6649 lbs payload package
ford,f150,f150 2.7l 4wd gvwr>6799 lbs
ford,f150,f150 2.7l 4wd gvwr>6799 lbs payload package
ford,f150,f150 2wd base payload lt tire
ford,f150,f150 2wd ffv base payload lt
ford,f150,f150 2wd ffv base payload lt tire
ford,f150,f150 3.5l 2wd gvwr>7599 lbs
ford,f150,f150 3.5l 2wd gvwr>7599 lbs payload package
ford,f150,f150 3.5l 4wd gvwr>7599 lbs
ford,f150,f150 3.5l 4wd gvwr>7599 lbs payload package
ford,f150,f150 4wd base payload lt tire
ford,f150,f150 4wd ffv base payload lt
ford,f150,f150 4wd ffv base payload lt tire
ford,f150,f150 5.0l 2wd ffv gvwr>7599 lbs
ford,f150,f150 5.0l 2wd ffv gvwr>7599 lbs payload package
ford,f150,f150 5.0l 2wd gvwr>7599 lbs
ford,f150,f150 5.0l 4wd ffv gvwr>7599 lbs
ford,f150,f150 5.0l 4wd ffv gvwr>7599 lbs payload package
ford,f150,f150 5.0l 4wd gvwr>7599 lbs
ford,f150,f150 cng
ford,f150,f150 dual-fuel 2wd (cng)
ford,f150,f150 dual-fuel 2wd (lpg)
ford,f150,f150 dual-fuel 4wd (cng)
ford,f150,f150 dual-fuel 4wd (lpg)
ford,f150,f150 pickup 2wd
ford,f150,f150 pickup 2wd cng
ford,f150,f150 pickup 2wd ffv
ford,f150,f150 pickup 2wd hev
ford,f150,f150 pickup 2wd limited
ford,f150,f150 pickup 4wd
ford,f150,f150 pickup 4wd ffv
ford,f150,f150 pickup 4wd hev
ford,f150,f150 pickup 4wd limited
ford,f150,f150 pickup 4wd xl/xlt
ford,f150,f150 pickup tremor 4wd
ford,f150,f150 pickup tremor 4wd ffv
ford,f150,f150 raptor 37 4wd
ford,f150,f150 raptor 4wd
ford,f150,f150 raptor pickup 4wd
ford,f150,f150 raptor r 4wd
ford,f150,f150 sfe 2wd
ford,f150,f150 stx se 2wd
ford,f150,f150 stx se 2wd ffv
ford,f150,lightning f150 2wd
ford,f150,lightning pickup 2wd
ford,f250,f250
ford,f250,f250 pickup 2wd
ford,f250,f250 pickup 2wd cng
ford,f250,f250 pickup 4wd
ford,f250,f250 pickup cab chassis 2wd
ford,festiva,festiva
ford,fiesta,fiesta
ford,fiesta,fiesta fwd
ford,fiesta,fiesta sfe
ford,fiesta,fiesta sfe fwd
ford,fiesta,fiesta st fwd
ford,five hundred,five hundred awd
ford,five hundred,five hundred fwd
ford,flex,flex awd
ford,flex,flex fwd
ford,focus,focus
ford,focus,focus electric
ford,focus,focus fwd
ford,focus,focus fwd ffv
ford,focus,focus rs awd
ford,focus,focus sfe fwd
ford,focus,focus sfe fwd ffv
ford,focus,focus st fwd
ford,focus,focus station wagon
ford,freestar,freestar cargo van fwd
ford,freestar,freestar wagon fwd
ford,freestyle,freestyle awd
ford,freestyle,freestyle fwd
ford,fusion,fusion
ford,fusion,fusion special service phev
ford,fusion,fusion special service vehicle phev
ford,gt,gt
ford,gt,gt 2wd
ford,laser,laser
ford,ltd,ltd
ford,ltd,ltd wagon
ford,ltd crown victoria,ltd crown victoria
ford,ltd crown victoria,ltd crown victoria wagon
ford,ltd crown victoria/country squire wagon,ltd crown victoria/country squire wagon
ford,maverick,maverick awd
ford,maverick,maverick fwd
ford,maverick,maverick hev fwd
ford,maverick,maverick tremor awd
ford,mondeo,mondeo
ford,mustang,mustang
ford,postal vehicle,postal vehicle
ford,probe,probe
ford,ranger,ranger
ford,ranger,raptor
ford,taurus,taurus
ford,tempo,tempo
ford,thunderbird,thunderbird
ford,transit connect,transit connect
ford,transit t150 wagon,transit t150 wagon
ford,transit t150 wagon,transit t150 wagon 2wd ffv
ford,transit t150 wagon,transit t150 wagon 4wd ffv
ford,transit t150 wagon,transit t150 wagon ffv
ford,windstar,windstar fwd cargo van
ford,windstar,windstar fwd van
ford,windstar,windstar fwd wagon
honda,accord,accord
honda,civic,civic
honda,clarity,fcx clarity
honda,cr-v,cr-v
honda,cr-z,cr-z
honda,crosstour,crosstour
honda,del sol,del sol
honda,element,element
honda,edix,edix
honda,ev plus,ev plus
honda,fit,fit
honda,fit,fit hybrid
honda,fit,fit ev
honda,freed,freed
honda,freed,freed hybrid
honda,hr-v,hr-v
honda,insight,insight
honda,jade,jade
honda,jazz,jazz
honda,vezel,vezel
honda,odyssey,odyssey
honda,passport,passport
honda,pilot,pilot
honda,prelude,prelude
honda,prologue,prologue
honda,ridgeline,ridgeline
honda,s2000,s2000
honda,stream,stream
honda,stepwagon,stepwagon
honda,zr-v,zr-v
hummer,h3,h3 4wd
hummer,h3t,h3t 4wd
hyundai,accent,accent
hyundai,accent,accent (sohc)
hyundai,accent,accent (sporty)
hyundai,accent,accent blue
hyundai,accent/brio,accent/brio
hyundai,azera,azera
hyundai,azera,azera limited
hyundai,elantra,elantra
hyundai,elantra,elantra blue
hyundai,elantra,elantra coupe
hyundai,elantra,elantra gt
hyundai,elantra,elantra hatchback
hyundai,elantra,elantra hybrid
hyundai,elantra,elantra hybrid blue
hyundai,elantra,elantra limited
hyundai,elantra,elantra n
hyundai,elantra,elantra se
hyundai,elantra,elantra wagon
hyundai,entourage,entourage
hyundai,equus,equus
hyundai,excel,excel
hyundai,genesis,genesis
hyundai,genesis,genesis awd
hyundai,genesis,genesis coupe
hyundai,genesis,genesis r spec
hyundai,genesis,genesis r-spec
hyundai,genesis,genesis rwd
hyundai,ioniq,ioniq
hyundai,ioniq,ioniq blue
hyundai,ioniq,ioniq electric
hyundai,ioniq,ioniq plug-in hybrid
hyundai,ioniq 5,ioniq 5 awd (long range)
hyundai,ioniq 5,ioniq 5 long range awd
hyundai,ioniq 5,ioniq 5 long range rwd
hyundai,ioniq 5,ioniq 5 rwd (long range)
hyundai,ioniq 5,ioniq 5 rwd (standard range)
hyundai,ioniq 5,ioniq 5 standard range rwd
hyundai,ioniq 6,ioniq 6 long range awd (18 inch wheels)
hyundai,ioniq 6,ioniq 6 long range awd (20 inch wheels)
hyundai,ioniq 6,ioniq 6 long range rwd (18 inch wheels)
hyundai,ioniq 6,ioniq 6 long range rwd (20 inch wheels)
hyundai,ioniq 6,ioniq 6 standard range rwd
hyundai,j-car/elantra,j-car/elantra
hyundai,kona,kona awd
hyundai,kona,kona electric
hyundai,nexo,nexo
hyundai,nexo,nexo blue
hyundai,palisade,palisade awd
hyundai,palisade,palisade fwd
hyundai,pony excel,pony excel
hyundai,precis,precis
hyundai,santa,santa
hyundai,scoupe,scoupe
hyundai,sonata,sonata
hyundai,sonata,sonata (y-3)
hyundai,sonata,sonata awd
hyundai,sonata,sonata fwd
hyundai,sonata,sonata hybrid
hyundai,sonata,sonata hybrid blue
hyundai,sonata,sonata hybrid limited
hyundai,sonata,sonata hybrid se
hyundai,sonata,sonata limited
hyundai,sonata,sonata plug-in hybrid
hyundai,sonata,sonata se
hyundai,sonata,sonata sport limited
hyundai,tiburon,tiburon
hyundai,tiburon,tiburon (coupe)
hyundai,tucson,tucson
hyundai,veloster,veloster
hyundai,venue,venue
hyundai,veracruz,veracruz 2wd
hyundai,veracruz,veracruz 4wd
hyundai,xg,xg300
hyundai,xg,xg350
infiniti,ex35,ex35
infiniti,ex37,ex37
infiniti,fx35,fx35
infiniti,fx37,fx37
infiniti,fx45,fx45
infiniti,fx50,fx50
infiniti,g20,g20
infiniti,g25,g25
infiniti,g25,g25x
infiniti,g35,g35
infiniti,g35,g35 coupe
infiniti,g35,g35x
infiniti,g37,g37
infiniti,g37,g37 convertible
infiniti,g37,g37 coupe
infiniti,g37,g37x
infiniti,g37,g37x coupe
infiniti,i30,i30
infiniti,i35,i35
infiniti,j30,j30
infiniti,jx35,jx35 awd
infiniti,jx35,jx35 fwd
infiniti,m30,m30
infiniti,m35,m35
infiniti,m35,m35h
infiniti,m35,m35x
infiniti,m37,m37
infiniti,m37,m37x
infiniti,m45,m45
infiniti,m45,m45x
infiniti,m56,m56
infiniti,m56,m56x
infiniti,q30,q30
infiniti,q40,q40
infiniti,q45,q45
infiniti,q45,q45 full-active suspension
infiniti,q45,q45 sport
infiniti,q50,q50
infiniti,q50,q50a
infiniti,q50,q50s
infiniti,q50,q50s red sport
infiniti,q50,q50s red sport  awd
infiniti,q60,q60
infiniti,q70,q70
infiniti,qx30,qx30
infiniti,qx4,qx4
infiniti,qx50,qx50
infiniti,qx55,qx55
infiniti,qx56,qx56
infiniti,qx60,qx60
infiniti,qx70,qx70
infiniti,qx80,qx80
isuzu,750c/i-mark,750c/i-mark
isuzu,amigo,amigo
isuzu,ascender,ascender
isuzu,axiom,axiom
isuzu,hombre pickup,hombre pickup
isuzu,i-280 extended cab,i-280
isuzu,i-290 extended cab,i-290
isuzu,i-350 crew cab,i-350 crew cab
isuzu,i-370 crew cab,i-370 crew cab
isuzu,i-370 crew cab,i-370 crew cab
isuzu,i-370 extended cab,i-370 extended cab 2wd
isuzu,i-mark,i-mark
isuzu,impulse,impulse
isuzu,oasis,oasis
isuzu,pickup,pickup 2wd
isuzu,pickup,pickup 2wd 1-ton
isuzu,pickup,pickup 4wd
isuzu,rodeo,rodeo 2wd
isuzu,rodeo,rodeo 4wd
isuzu,rodeo,rodeo sport 2wd
isuzu,rodeo,rodeo sport 4wd
isuzu,stylus,stylus
isuzu,trooper,trooper
isuzu,trooper,trooper 2wd
isuzu,trooper,trooper 4wd
isuzu,vehicross,vehicross
isuzu,vehicross,vehicross 4wd
jaguar,e-pace,e-pace
jaguar,e-pace,e-pace p250
jaguar,e-pace,e-pace p300
jaguar,f-pace,f-pace
jaguar,f-pace,f-pace p340
jaguar,f-pace,f-pace p400
jaguar,f-pace,f-pace svr
jaguar,f-type,f-type
jaguar,i-pace,i-pace
jaguar,i-pace,i-pace ev400
jaguar,i-pace,i-pace ev400 (20 inch tires)
jaguar,i-pace,i-pace ev400 (22 inch tires)
jaguar,s-type,s-type
jaguar,s-type,s-type (x200) v6
jaguar,s-type,s-type (x200) v8
jaguar,s-type,s-type 3.0 litre
jaguar,s-type,s-type 4.2 litre
jaguar,s-type,s-type r
jaguar,super v8,super v8
jaguar,vanden plas,vanden plas
jaguar,vanden plas,vanden plas s.c.
jaguar,vanden plas,vanden plas s/c
jaguar,vdp,vdp
jaguar,vdp,vdp 4.2 litre
jaguar,vdp,vdp lwb
jaguar,x-type,x-type
jaguar,x-type,x-type sport brake
jaguar,xe,xe
jaguar,xe,xe (296 hp)
jaguar,xe,xe 30t
jaguar,xe,xe awd
jaguar,xe,xe awd (296 hp)
jaguar,xe,xe awd 30t
jaguar,xe,xe p250
jaguar,xe,xe p250 awd
jaguar,xe,xe p300 awd
jaguar,xf,xf
jaguar,xf,xf (296 hp)
jaguar,xf,xf 30t
jaguar,xf,xf awd
jaguar,xf,xf awd (296 hp)
jaguar,xf,xf awd 30t
jaguar,xf,xf ffv
jaguar,xf,xf p250
jaguar,xf,xf p250 awd
jaguar,xf,xf p300 awd
jaguar,xf,xf sportbrake awd
jaguar,xf,xf supercharged
jaguar,xj,xj
jaguar,xj,xj awd
jaguar,xj,xj ffv
jaguar,xj,xj lwb
jaguar,xj,xj lwb awd
jaguar,xj,xj sport
jaguar,xj,xj12
jaguar,xj,xj6
jaguar,xj,xj6l
jaguar,xj,xj8
jaguar,xj,xj8 4.2 litre
jaguar,xj,xj8l
jaguar,xj,xjl
jaguar,xj,xjl awd
jaguar,xjl,xjl
jaguar,xjl,xjl awd
jaguar,xjl,xjl ffv
jaguar,xjr,xjr
jaguar,xjr,xjr 4.2 litre
jaguar,xjrs,xjrs convertble
jaguar,xjrs,xjrs coupe
jaguar,xjs,xj-s
jaguar,xjs,xj-sc
jaguar,xjs,xjs
jaguar,xjs,xjs convertible
jaguar,xjs,xjs coupe
jaguar,xjs,xjs v12 convertible
jaguar,xjs,xjs v12 coupe
jaguar,xk,xk
jaguar,xk,xk convertible
jaguar,xk8,xk8
jaguar,xk8,xk8 convertible
jaguar,xkr,xkr
jaguar,xkr,xkr convertible
jeep,cherokee,cherokee 2wd
jeep,cherokee,cherokee 4wd
jeep,cherokee,cherokee 4wd active drive ii
jeep,cherokee,cherokee fwd
jeep,cherokee,cherokee trailhawk 4wd
jeep,cherokee/wagoneer,cherokee/wagoneer
jeep,cherokee/wagoneer,cherokee/wagoneer 2wd
jeep,cherokee/wagoneer,cherokee/wagoneer 4wd
jeep,cj,cj7
jeep,cj,cj7 4wd
jeep,cj,cj8 4wd
jeep,comanche,comanche 2wd
jeep,comanche,comanche 4wd
jeep,comanche pickup,comanche pickup 2wd
jeep,comanche pickup,comanche pickup 4wd
jeep,commander,commander 2wd
jeep,commander,commander 4wd
jeep,compass,compass 2wd
jeep,compass,compass 4wd
jeep,compass,compass fwd
jeep,compass,new compass 2wd
jeep,compass,new compass 4wd
jeep,gladiator,gladiator 4wd
jeep,gladiator,gladiator ecodiesel 4wd
jeep,gladiator,gladiator rubic ecodiesel 4wd
jeep,gladiator,gladiator rubicon ecodiesel 4wd
jeep,gladiator pickup,gladiator pickup 4wd
jeep,grand cherokee,grand cherokee 2wd
jeep,grand cherokee,grand cherokee 4wd
jeep,grand cherokee,grand cherokee 4xe
jeep,grand cherokee,grand cherokee l 2wd
jeep,grand cherokee,grand cherokee l 4wd
jeep,grand cherokee,grand cherokee srt 4wd
jeep,grand cherokee,grand cherokee srt8
jeep,grand cherokee,grand cherokee srt8 4wd
jeep,grand cherokee,grand cherokee srt8 awd
jeep,grand cherokee,grand cherokee trackhawk 4wd
jeep,grand cherokee,grand cherokee wk 2wd
jeep,grand cherokee,grand cherokee wk 4wd
jeep,grand wagoneer,grand wagoneer
jeep,grand wagoneer,grand wagoneer 2wd
jeep,grand wagoneer,grand wagoneer 4wd
jeep,grand wagoneer,grand wagoneer l 4wd
jeep,j-10 pickup,j-10 pickup 4wd
jeep,j-10 pickup,j-10 pickup truck
jeep,j-10 pickup,j-10 pickup truck 4wd
jeep,j-20 pickup,j-20 pickup truck
jeep,j-20 pickup,j-20 pickup truck 4wd
jeep,liberty,liberty 2wd
jeep,liberty,liberty 4wd
jeep,liberty/cherokee,liberty/cherokee 2wd
jeep,liberty/cherokee,liberty/cherokee 4wd
jeep,patriot,patriot 2wd
jeep,patriot,patriot 4wd
jeep,patriot,patriot fwd
jeep,renegade,renegade 2wd
jeep,renegade,renegade 4wd
jeep,renegade,renegade trailhawk 4wd
jeep,scrambler,scrambler
jeep,scrambler pickup,scrambler pickup 4wd
jeep,wagoneer,wagoneer 2wd
jeep,wagoneer,wagoneer 4wd
jeep,wagoneer,wagoneer l 2wd
jeep,wagoneer,wagoneer l 4wd
jeep,wagoneer,wagoneer limited 4wd
jeep,wrangler,new wrangler 4wd
jeep,wrangler,new wrangler unlimited 4wd
jeep,wrangler,wrangler 2dr 4wd
jeep,wrangler,wrangler 2wd
jeep,wrangler,wrangler 4dr 4wd
jeep,wrangler,wrangler 4dr 4xe
jeep,wrangler,wrangler 4dr ecodiesel 4wd
jeep,wrangler,wrangler 4wd
jeep,wrangler,wrangler rubic 4dr ecodiesel 4wd
jeep,wrangler,wrangler rubicon 2dr 4wd
jeep,wrangler,wrangler rubicon 4dr 4wd
jeep,wrangler,wrangler unlimited 4wd
jeep,wrangler/tj,wrangler/tj 4wd
kia,amanti,amanti
kia,borrego,borrego 2wd
kia,borrego,borrego 4wd
kia,cadenza,cadenza
kia,cerato,cerato
kia,cerato,cerato forte koup
kia,carnival,carnival
kia,ev6,ev6 awd (long range)
kia,ev6,ev6 awd gt
kia,ev6,ev6 long range awd (19 inch tires)
kia,ev6,ev6 long range awd (19 inch wheels)
kia,ev6,ev6 long range awd (20 inch tires)
kia,ev6,ev6 long range awd (20 inch wheels)
kia,ev6,ev6 long range rwd
kia,ev6,ev6 rwd (long range)
kia,ev6,ev6 rwd (standard range)
kia,ev6,ev6 standard range rwd
kia,ev9,ev9 long range awd
kia,ev9,ev9 long range awd gt-line
kia,ev9,ev9 long range rwd
kia,ev9,ev9 standard range rwd
kia,forte,forte
kia,forte,forte 5
kia,forte,forte eco
kia,forte,forte fe
kia,forte,forte koup
kia,k5,k5
kia,k5,k5 awd
kia,k900,k900
kia,niro,niro
kia,niro,niro electric
kia,niro,niro fe
kia,optima,optima
kia,optima,optima fe
kia,optima,optima s
kia,rio,rio
kia,rio,rio eco
kia,rondo,rondo
kia,sedona,sedona
kia,seltos,seltos
kia,sorento,sorento
kia,soul,soul
kia,soul,soul eco
kia,soul,soul eco dynamics
kia,soul,soul electric
kia,spectra,spectra
kia,spectra,spectra 1.8l
kia,spectra,spectra 2.0l
kia,sportage,sportage
kia,stinger,stinger
kia,telluride,telluride awd
kia,telluride,telluride fwd
lamborghini,aventador,aventador
lamborghini,countach,countach
lamborghini,gallardo,gallardo
lamborghini,huracan,huracan
lamborghini,murcielago,murcielago
lamborghini,urus,urus
lamborghini,veneno,veneno roadster
land rover,range rover,range rover
land rover,defender,defender 110
land rover,defender,defender 130
land rover,defender,defender 90
land rover,discovery,discovery
land rover,evoque,evoque
land rover,freelander,freelander
land rover,lr2,lr2
land rover,lr3,lr3
land rover,lr4,lr4
lexus,ct,ct 200h
lexus,es,es 250
lexus,es,es 250 awd
lexus,es,es 300
lexus,es,es 300h
lexus,es,es 330
lexus,es,es 350
lexus,es,es 350 f sport
lexus,gs,gs 200t
lexus,gs,gs 200t f sport
lexus,gs,gs 300
lexus,gs,gs 300 4wd
lexus,gs,gs 300 f sport
lexus,gs,gs 300/gs 400
lexus,gs,gs 300/gs 430
lexus,gs,gs 350
lexus,gs,gs 350 awd
lexus,gs,gs 350 f sport
lexus,gs,gs 430
lexus,gs,gs 450h
lexus,gs,gs 460
lexus,gs,gs f
lexus,gs,gs300
lexus,gx,gx 460
lexus,gx,gx 470
lexus,gx,gx 550
lexus,hs,hs 250h
lexus,is,is 200t
lexus,is,is 250
lexus,is,is 250 awd
lexus,is,is 250 c
lexus,is,is 250/is 250c
lexus,is,is 300
lexus,is,is 300 awd
lexus,is,is 350
lexus,is,is 350 awd
lexus,is,is 350 c
lexus,is,is 350/is 350c
lexus,is,is 500
lexus,is f,is f
lexus,lc,lc 500
lexus,lc,lc 500 convertible
lexus,lc,lc 500h
lexus,lfa,lfa
lexus,ls,ls 400
lexus,ls,ls 430
lexus,ls,ls 460
lexus,ls,ls 460 awd
lexus,ls,ls 460 l
lexus,ls,ls 460 l awd
lexus,ls,ls 500
lexus,ls,ls 500 awd
lexus,ls,ls 500h
lexus,ls,ls 500h awd
lexus,ls,ls 600h l
lexus,lx,lx 450
lexus,lx,lx 470
lexus,lx,lx 570
lexus,lx,lx 600
lexus,nx,nx 200t
lexus,nx,nx 200t awd
lexus,nx,nx 200t awd f sport
lexus,nx,nx 250
lexus,nx,nx 250 awd
lexus,nx,nx 300
lexus,nx,nx 300 awd
lexus,nx,nx 300 awd f sport
lexus,nx,nx 300h
lexus,nx,nx 300h awd
lexus,nx,nx 350 awd
lexus,nx,nx 350 awd f sport
lexus,nx,nx 350h awd
lexus,nx,nx 450h plus awd
lexus,rc,rc
lexus,rx,rx 300
lexus,rx,rx 300 4wd
lexus,rx,rx 330 2wd
lexus,rx,rx 330 4wd
lexus,rx,rx 350
lexus,rx,rx 350 2wd
lexus,rx,rx 350 4wd
lexus,rx,rx 350 awd
lexus,rx,rx 350 l
lexus,rx,rx 350 l awd
lexus,rx,rx 350h awd
lexus,rx,rx 400h 2wd
lexus,rx,rx 400h 4wd
lexus,rx,rx 450h
lexus,rx,rx 450h awd
lexus,rx,rx 450h l awd
lexus,rx,rx 500h awd
lexus,rz,rz 300e (18 inch wheels)
lexus,rz,rz 300e (20 inch wheels)
lexus,rz,rz 450e awd (18 inch wheels)
lexus,rz,rz 450e awd (20 inch wheels)
lexus,sc,sc
lexus,sc,sc 300/sc 400
lexus,sc,sc 300/sc 430
lexus,sc,sc 430
lexus,tx,tx 350
lexus,tx,tx 350 awd
lexus,tx,tx 500h awd
lexus,ux,ux 200
lexus,ux,ux 250h
lexus,ux,ux 250h awd
lexus,ux,ux 300h
lexus,ux,ux 300h awd
lotus,elan,elan
lotus,elise/exige,elise/exige
lotus,emira,emira
lotus,esprit,98 esprit v8
lotus,esprit,esprit
lotus,esprit,esprit turbo
lotus,esprit,esprit turbo hc pi
lotus,esprit,esprit v8
lotus,evora,evora
lotus,evora,evora gt
maserati,222e,222e
maserati,225,225
maserati,228,228
maserati,430,430
maserati,biturbo,biturbo
maserati,biturbo,biturbo 425
maserati,biturbo spyder,biturbo spyder
maserati,coupe and gransport,coupe and gransport
maserati,coupe cambiocorsa/coupe gt,coupe cambiocorsa/coupe gt
maserati,coupe cambiocorsa/gt/g-sport,coupe cambiocorsa/gt/g-sport
maserati,ghibli,ghibli
maserati,grancabrio,grancabrio folgore
maserati,grancabrio,grancabrio trofeo
maserati,granturismo,granturismo
maserati,granturismo,granturismo convertible
maserati,granturismo,granturismo folgore
maserati,granturismo,granturismo modena
maserati,granturismo,granturismo trofeo
maserati,grecale,grecale gt
maserati,grecale,grecale modena
maserati,grecale,grecale trofeo
maserati,karif,karif
maserati,levante,levante
maserati,mc20,mc20
maserati,mc20,mc20 spyder
maserati,q,q
maserati,quattroporte,quattroporte
maserati,spyder,spyder
mazda,2,2
mazda,3,3
mazda,323,323
mazda,5,5
mazda,6,6
mazda,626,626
mazda,929,929
mazda,axela,axela
mazda,b pickup,biante
mazda,b pickup,2500
mazda,b pickup,b2000
mazda,b pickup,b2200
mazda,b pickup,b2300
mazda,b pickup,b2500
mazda,b pickup,b2600
mazda,b pickup,b3000
mazda,b pickup,b4000
mazda,cx-3,cx-3
mazda,cx-30,cx-30
mazda,cx-5,cx-5
mazda,cx-50,cx-50
mazda,cx-7,cx-7
mazda,cx-8,cx-8
mazda,cx-9,cx-9
mazda,cx-90,cx-90
mazda,glc,glc
mazda,millenia,millenia
mazda,mpv,mpv
mazda,mx-3,mx-3
mazda,mx-30,mx-30
mazda,mx-5,mx-5
mazda,mx-6,mx-6
mazda,navajo,navajo
mazda,protege,protege
mazda,rx-7,rx7
mazda,rx-7,rx-7
mazda,rx-8,rx8
mazda,rx-8,rx-8
mazda,speed 3,speed 3
mazda,tribute,tribute
mclaren,540c coupe,540c coupe
mclaren,570s,570s
mclaren,600lt coupe,600lt
mclaren,620r,620r
mclaren,650s,650s
mclaren,675lt,675lt
mclaren,720s,720s
mclaren,765lt,765lt
mclaren,artura,artura
mclaren,elva,elva
mclaren,gt,gt
mclaren,mp4-12c,mp4-12c
mclaren,mso hs,mso hs
mclaren,p1,p1
mclaren,sabre,sabre
mclaren,senna,senna
mclaren,speedtail,speedtail
mercedes-benz,190,190
mercedes-benz,190,190 d 2.2/190 e 2.3
mercedes-benz,190,190d 2.5
mercedes-benz,190,190d 2.5 turbo
mercedes-benz,190,190e
mercedes-benz,190,190e 2.3
mercedes-benz,190,190e 2.3-16
mercedes-benz,190,190e 2.6
mercedes-benz,200,200e
mercedes-benz,230,230ce
mercedes-benz,230,230e
mercedes-benz,230,230te
mercedes-benz,260,260e
mercedes-benz,300,300ce
mercedes-benz,300,300d
mercedes-benz,300,300d 2.5 turbo
mercedes-benz,300,300d/300cd
mercedes-benz,300,c300e
mercedes-benz,300,300sd
mercedes-benz,300,300sd/380se
mercedes-benz,300,300sdl
mercedes-benz,300,300se
mercedes-benz,300,300sel
mercedes-benz,300,300sl
mercedes-benz,300,300td
mercedes-benz,300,300te
mercedes-benz,300,300te 4matic
mercedes-benz,350,350sd turbo
mercedes-benz,350,350sdl turbo
mercedes-benz,380,380se
mercedes-benz,380,380sl
mercedes-benz,400,400e
mercedes-benz,400,400se
mercedes-benz,400,400sel
mercedes-benz,420,420 se
mercedes-benz,420,420se
mercedes-benz,420,420sel
mercedes-benz,500,500e
mercedes-benz,500,500se
mercedes-benz,500,500sec
mercedes-benz,500,500sel
mercedes-benz,500,500sel 5.0l
mercedes-benz,500,500sel 5.6l
mercedes-benz,500,500sl
mercedes-benz,560,560se
mercedes-benz,560,560sec
mercedes-benz,560,560sel
mercedes-benz,560,560sl
mercedes-benz,600,600sel
mercedes-benz,600,600sel/sec
mercedes-benz,600,600sl
mercedes-benz,a-class,a180
mercedes-benz,a-class,a200
mercedes-benz,a-class,a220
mercedes-benz,a-class,a220 4matic
mercedes-benz,a-class,amg a35 4matic
mercedes-benz,amg gt,amg gt
mercedes-benz,b-class,b-class electric drive
mercedes-benz,b-class,b180
mercedes-benz,b-class,b250
mercedes-benz,c-class,c43
mercedes-benz,c-class,c63
mercedes-benz,c-class,c180
mercedes-benz,c-class,c200
mercedes-benz,c-class,c220
mercedes-benz,c-class,c230
mercedes-benz,c-class,c240
mercedes-benz,c-class,c240
mercedes-benz,c-class,c250
mercedes-benz,c-class,c280
mercedes-benz,c-class,c300
mercedes-benz,c-class,c300 coupe
mercedes-benz,c-class,c32
mercedes-benz,c-class,c320
mercedes-benz,c-class,c350
mercedes-benz,c-class,c36
mercedes-benz,c-class,c400
mercedes-benz,c-class,c450
mercedes-benz,c-class,c55
mercedes-benz,c-class,c63
mercedes-benz,cl-class,cl500
mercedes-benz,cl-class,cl55 amg
mercedes-benz,cl-class,cl550
mercedes-benz,cl-class,cl550 4matic
mercedes-benz,cl-class,cl600
mercedes-benz,cl-class,cl63 amg
mercedes-benz,cl-class,cl65 amg
mercedes-benz,cla-class,cla35
mercedes-benz,cla-class,cla45
mercedes-benz,cla-class,cla180
mercedes-benz,cla-class,cla200
mercedes-benz,cla-class,cla250
mercedes-benz,clc-class,clc180k
mercedes-benz,cle-class,cle300
mercedes-benz,cle-class,cle450
mercedes-benz,cle-class,cle450 4matic (coupe)
mercedes-benz,clk-class,clk320
mercedes-benz,clk-class,clk320 (cabriolet)
mercedes-benz,clk-class,clk320 cabriolet
mercedes-benz,clk-class,clk350
mercedes-benz,clk-class,clk350 (cabriolet)
mercedes-benz,clk-class,clk430
mercedes-benz,clk-class,clk430 (cabriolet)
mercedes-benz,clk-class,clk500
mercedes-benz,clk-class,clk500 (cabriolet)
mercedes-benz,clk-class,clk55 amg
mercedes-benz,clk-class,clk55 amg (cabriolet)
mercedes-benz,clk-class,clk550
mercedes-benz,clk-class,clk550 (cabriolet)
mercedes-benz,clk-class,clk63 amg
mercedes-benz,clk-class,clk63 amg (cabriolet)
mercedes-benz,cls-class,cls53
mercedes-benz,cls-class,cls63
mercedes-benz,cls-class,cls400
mercedes-benz,cls-class,cls450
mercedes-benz,cls-class,cls500
mercedes-benz,cls-class,cls55
mercedes-benz,cls-class,cls550
mercedes-benz,cls-class,cls63
mercedes-benz,e-class,e43
mercedes-benz,e-class,e53
mercedes-benz,e-class,e63
mercedes-benz,e-class,e200
mercedes-benz,e-class,e220
mercedes-benz,e-class,e230
mercedes-benz,e-class,e250
mercedes-benz,e-class,e300
mercedes-benz,e-class,e320
mercedes-benz,e-class,e350
mercedes-benz,e-class,e400
mercedes-benz,e-class,e420
mercedes-benz,e-class,e430
mercedes-benz,e-class,e450
mercedes-benz,e-class,e500
mercedes-benz,e-class,e55
mercedes-benz,e-class,e550
mercedes-benz,eqa,eqa
mercedes-benz,eqa,eqa250
mercedes-benz,eqa,eqa300
mercedes-benz,eqa,eqa350
mercedes-benz,eqb,eqb250
mercedes-benz,eqb,eqb300
mercedes-benz,eqb,eqb350
mercedes-benz,eqc,eqc400
mercedes-benz,eqe,eqe
mercedes-benz,eqe,eqe53
mercedes-benz,eqe,eqe350
mercedes-benz,eqe,eqe500
mercedes-benz,eqs,eqs53
mercedes-benz,eqs,eqs 450
mercedes-benz,eqs,eqs 450
mercedes-benz,eqs,eqs 580
mercedes-benz,eqs,eqs 680
mercedes-benz,g-class,g63
mercedes-benz,g-class,g65
mercedes-benz,g-class,g400
mercedes-benz,g-class,g500
mercedes-benz,g-class,g55
mercedes-benz,g-class,g550
mercedes-benz,gl-class,gl63
mercedes-benz,gl-class,gl320
mercedes-benz,gl-class,gl450
mercedes-benz,gl-class,gl550
mercedes-benz,gl-class,gl63
mercedes-benz,gla-class,gla35
mercedes-benz,gla-class,gla45
mercedes-benz,gla-class,gla180
mercedes-benz,gla-class,gla200
mercedes-benz,gla-class,gla250
mercedes-benz,glb-class,glb35
mercedes-benz,glb-class,gla45
mercedes-benz,glb-class,glb180
mercedes-benz,glb-class,glb200
mercedes-benz,glb-class,glb250
mercedes-benz,glc-class,glc43
mercedes-benz,glc-class,glc63
mercedes-benz,glc-class,glc200
mercedes-benz,glc-class,glc220
mercedes-benz,glc-class,glc250
mercedes-benz,glc-class,glc300
mercedes-benz,glc-class,glc350e 4matic
mercedes-benz,gle-class,gle43
mercedes-benz,gle-class,gle53
mercedes-benz,gle-class,gle63
mercedes-benz,gle-class,gle300
mercedes-benz,gle-class,gle350
mercedes-benz,gle-class,gle400
mercedes-benz,gle-class,gle450
mercedes-benz,gle-class,gle550
mercedes-benz,gle-class,gle580
mercedes-benz,glk-class,glk250
mercedes-benz,glk-class,glk350
mercedes-benz,gls-class,gls63
mercedes-benz,gls-class,gls400
mercedes-benz,gls-class,gls450
mercedes-benz,gls-class,gls550
mercedes-benz,gls-class,gls580
mercedes-benz,gls-class,gls600
mercedes-benz,maybach,maybach s550 4matic
mercedes-benz,maybach,maybach s600
mercedes-benz,maybach,maybach s650 convertible
mercedes-benz,metris cargo,metris (cargo van)
mercedes-benz,metris cargo,"metris (cargo van, lwb)"
mercedes-benz,metris cargo,metris (passenger van)
mercedes-benz,metris cargo,metris (us postal long)
mercedes-benz,metris cargo,metris (us postal)
mercedes-benz,metris passenger,metris (passenger van)
mercedes-benz,ml-class,ml250 bluetec 4matic
mercedes-benz,ml-class,ml320
mercedes-benz,ml-class,ml320 cdi 4matic
mercedes-benz,ml-class,ml350
mercedes-benz,ml-class,ml350 4matic
mercedes-benz,ml-class,ml400 4matic
mercedes-benz,ml-class,ml430
mercedes-benz,ml-class,ml500
mercedes-benz,ml-class,ml500 4matic
mercedes-benz,ml-class,ml55
mercedes-benz,ml-class,ml55 amg
mercedes-benz,ml-class,ml550 4matic
mercedes-benz,ml-class,ml63 amg
mercedes-benz,r-class,r320 cdi 4matic
mercedes-benz,r-class,r350
mercedes-benz,r-class,r350 4matic
mercedes-benz,r-class,r500
mercedes-benz,r-class,r500 4matic
mercedes-benz,r-class,r63 amg
mercedes-benz,s-class,amg s63 4matic
mercedes-benz,s-class,amg s63 4matic convertible
mercedes-benz,s-class,amg s63 4matic coupe
mercedes-benz,s-class,amg s63 4matic plus
mercedes-benz,s-class,amg s63 4matic plus convertible
mercedes-benz,s-class,amg s63 4matic plus coupe
mercedes-benz,s-class,amg s65
mercedes-benz,s-class,amg s65 convertible
mercedes-benz,s-class,amg s65 coupe
mercedes-benz,s-class,maybach s560 4matic
mercedes-benz,s-class,maybach s650
mercedes-benz,s-class,maybach s680 4matic
mercedes-benz,s-class,s320
mercedes-benz,s-class,s350
mercedes-benz,s-class,s400
mercedes-benz,s-class,s420
mercedes-benz,s-class,s430
mercedes-benz,s-class,s450
mercedes-benz,s-class,s500
mercedes-benz,s-class,s55 amg
mercedes-benz,s-class,s550
mercedes-benz,s-class,s560
mercedes-benz,s-class,s580
mercedes-benz,s-class,s600
mercedes-benz,s-class,s600 coupe
mercedes-benz,s-class,s600 sedan
mercedes-benz,s-class,s63 amg
mercedes-benz,s-class,s63 amg 4matic
mercedes-benz,s-class,s63 amg 4matic coupe
mercedes-benz,s-class,s65 amg
mercedes-benz,s-class,s65 amg convertible
mercedes-benz,s-class,s65 amg coupe
mercedes-benz,sl-class,sl43
mercedes-benz,sl-class,sl55
mercedes-benz,sl-class,sl63
mercedes-benz,sl-class,sl65
mercedes-benz,sl-class,sl320
mercedes-benz,sl-class,sl400
mercedes-benz,sl-class,sl450
mercedes-benz,sl-class,sl500
mercedes-benz,sl-class,sl55 amg
mercedes-benz,sl-class,sl550
mercedes-benz,sl-class,sl600
mercedes-benz,sl-class,sl63 amg
mercedes-benz,sl-class,sl65 amg
mercedes-benz,slc-class,slc43
mercedes-benz,slc-class,slc180
mercedes-benz,slc-class,slc300
mercedes-benz,slk-class,slk55
mercedes-benz,slk-class,slk200
mercedes-benz,slk-class,slk230
mercedes-benz,slk-class,slk250
mercedes-benz,slk-class,slk280
mercedes-benz,slk-class,slk300
mercedes-benz,slk-class,slk32
mercedes-benz,slk-class,slk320
mercedes-benz,slk-class,slk350
mercedes-benz,slr,slr
mercedes-benz,sls amg,sls amg
mini,one,one
mini,one,one clubman
mini,clubman,clubman
mini,clubman,clubman s
mini,clubman,cooper clubman
mini,clubman,cooper clubman all4
mini,clubman,cooper s clubman
mini,clubman,cooper s clubman all4
mini,clubman,john cooper works clubman
mini,clubman,john cooper works clubman all4
mini,cooper,cooper
mini,cooper,cooper (3-doors)
mini,cooper,cooper (5-doors)
mini,cooper,cooper clubvan
mini,cooper,cooper convertible
mini,cooper,cooper coupe
mini,cooper,cooper hardtop 2 door
mini,cooper,cooper hardtop 4 door
mini,cooper,cooper s
mini,cooper,cooper s (3-doors)
mini,cooper,cooper s (5-doors)
mini,cooper,cooper s convertible
mini,cooper,cooper s coupe
mini,cooper,cooper s hardtop 2 door
mini,cooper,cooper s hardtop 4 door
mini,cooper,cooper s jcworks gp kit
mini,cooper,cooper se hardtop 2 door
mini,countryman,cooper countryman
mini,countryman,cooper countryman all4
mini,countryman,cooper countryman coupe
mini,countryman,cooper s countryman
mini,countryman,cooper s countryman all4
mini,countryman,cooper s countryman coupe
mini,countryman,cooper s countryman coupe all4
mini,countryman,cooper se countryman all4
mini,countryman,countryman s all4
mini,countryman,jcw countryman all4
mini,countryman,jcw countryman coupe all4
mini,john cooper works,jcw countryman all4
mini,john cooper works,john cooper works
mini,john cooper works,john cooper works clubman all4
mini,john cooper works,john cooper works convertible
mini,john cooper works,john cooper works coupe
mini,john cooper works,john cooper works gp
mini,john cooper works,john cooper works gp-2
mini,john cooper works,john cooper works hardtop
mini,john cooper works,john cooper works hardtop 2 door
mini,minie,minie
mini,paceman,cooper paceman
mini,paceman,cooper s paceman
mini,paceman,cooper s paceman all4
mini,paceman,jcw paceman all4
mini,roadster,cooper roadster
mini,roadster,cooper s roadster
mini,roadster,john cooper works roadster
mitsubishi,3000 gt,3000 gt
mitsubishi,cordia,cordia
mitsubishi,diamante,diamante
mitsubishi,eclipse,eclipse
mitsubishi,eclipse,eclipse spyder
mitsubishi,eclipse cross,eclipse cross
mitsubishi,endeavor,endeavor
mitsubishi,expo,expo
mitsubishi,galant,galant
mitsubishi,i-miev,i-miev
mitsubishi,lancer,lancer
mitsubishi,lancer,evolution
mitsubishi,mirage,mirage
mitsubishi,montero,montero
mitsubishi,nativa,nativa
mitsubishi,outlander,outlander
mitsubishi,precis,precis
mitsubishi,raider pickup,raider pickup
mitsubishi,sigma,sigma
mitsubishi,space wagon,space wagon
mitsubishi,starion,starion
mitsubishi,tredia,tredia
mitsubishi,truck,truck
mitsubishi,van,van
mitsubishi,wagon,wagon
morgan,plus eight,plus eight
nissan,200sx,200sx
nissan,200zr,200zr
nissan,fairlady,300zx
nissan,fairlady,350z
nissan,fairlady,350z roadster
nissan,fairlady,370z
nissan,fairlady,370z roadster
nissan,altima,altima
nissan,altima,altima
nissan,altima,altima coupe
nissan,altima,altima hybrid
nissan,altima,altima sr
nissan,altra ev,altra ev
nissan,ariya,ariya engage
nissan,ariya,ariya plat plus
nissan,ariya,ariya platinum+
nissan,ariya,ariya venture plus fwd 87kwh
nissan,armada,armada
nissan,axxess,axxess
nissan,cube,cube
nissan,frontier,frontier
nissan,frontier,frontier v6
nissan,gtr,gtr
nissan,hardbody,hardbody
nissan,hyper-mini,hyper-mini
nissan,juke,juke
nissan,juke,juke
nissan,juke,juke nismo
nissan,kicks,kicks
nissan,leaf,leaf
nissan,leaf,leaf sv
nissan,leaf,leaf sl
nissan,maxima,maxima
nissan,nv200,nv200,
nissan,nx,nx
nissan,nx,nx coupe
nissan,pathfinder,pathfinder
nissan,pathfinder,pathfinder van
nissan,pickup,pickup
nissan,pickup,pickup cab chassis
nissan,pulsar nx,pulsar nx
nissan,quest,quest
nissan,rogue,rogue
nissan,sentra,sentra
nissan,sentra,sentra fe
nissan,stanza,stanza
nissan,titan,titan
nissan,titan,titan fe
nissan,truck,truck
nissan,truck,truck cab chassis
nissan,van,van
nissan,versa,versa
nissan,versa,versa fe
nissan,xterra,xterra
peugeot,405,405 sedan
peugeot,405,405 sports wagon
peugeot,405,405 station wagon
peugeot,505,505
peugeot,505,505 sedan
peugeot,505,505 station wagon
peugeot,505,505 wagon
peugeot,604,604 sedan
polestar,1,1
polestar,2,2
polestar,2,2 bst edition
polestar,2,2 dual motor
polestar,2,2 dual motor (19 inch wheels)
polestar,2,2 dual motor (20 inch wheels)
polestar,2,2 dual motor perf pack
polestar,2,2 dual motor performance pack
polestar,2,2 single motor
polestar,2,2 single motor (19 inch wheels)
polestar,2,2 single motor (20 inch wheels)
pontiac,1000,1000
pontiac,6000,6000
pontiac,6000,6000 wagon
pontiac,aztek,aztek awd
pontiac,aztek,aztek fwd
pontiac,bonneville,bonneville
pontiac,fiero,fiero
pontiac,firebird/trans am/formula,20th anniversary trans am
pontiac,firebird/trans am/formula,firebird
pontiac,firebird/trans am/formula,firebird/formula
pontiac,firebird/trans am/formula,firebird/trans am
pontiac,firebird/trans am/formula,firebird/trans am/formula
pontiac,firefly,firefly
pontiac,firefly,firefly fe
pontiac,firefly,turbo firefly
pontiac,g3,g3 (3-door)
pontiac,g3,g3 (5-door)
pontiac,g3,g3 wave
pontiac,g3,g3 wave 5
pontiac,g5,g5
pontiac,g5,g5 gt
pontiac,g5,g5 xfe
pontiac,g5,g5/pursuit
pontiac,g6,g6
pontiac,g6,g6 gt/gtp convertible
pontiac,g8,g8
pontiac,grand am,grand am
pontiac,grand prix,grand prix
pontiac,grand prix,grand prix ste turbo
pontiac,grand prix,grand prix turbo
pontiac,gto,gto
pontiac,lemans,lemans
pontiac,montana,montana awd
pontiac,montana,montana fwd
pontiac,montana,montana sv6 awd
pontiac,montana,montana sv6 fwd
pontiac,montana,montana svx awd
pontiac,montana,montana svx fwd
pontiac,monterey,monterey wagon fwd
pontiac,parisienne,parisienne
pontiac,parisienne,parisienne wagon
pontiac,phoenix,phoenix
pontiac,safari,safari wagon
pontiac,solstice,solstice
pontiac,sunbird,2000 sunbird
pontiac,sunbird,2000 sunbird convertible
pontiac,sunbird,2000 sunbird wagon
pontiac,sunbird,sunbird
pontiac,sunbird,sunbird convertible
pontiac,sunbird,sunbird wagon
pontiac,sunburst,sunburst
pontiac,sunfire,sunfire
pontiac,torrent,torrent awd
pontiac,torrent,torrent fwd
pontiac,trans sport/montana,trans sport 2wd
pontiac,trans sport/montana,trans sport/montana 2wd
pontiac,vibe,vibe
pontiac,vibe,vibe awd
pontiac,wave,wave
pontiac,wave,wave 5
porsche,718,718
porsche,911,911
porsche,911,911 c4 gts
porsche,911,911 carrera
porsche,911,911 dakar
porsche,911,911 gt2
porsche,911,911 gt3
porsche,911,911 gts
porsche,911,911 r
porsche,911,911 s/t
porsche,911,911 sc
porsche,911,911 speedster
porsche,911,911 sport classic
porsche,911,911 targa
porsche,911,911 targa 4
porsche,911,911 turbo
porsche,918 spyder,918 spyder
porsche,924,924 s
porsche,928,928
porsche,928,928 s4
porsche,944,944
porsche,944,944 turbo
porsche,968,968
porsche,boxster,boxster
porsche,boxster,boxster gts
porsche,boxster,boxster s
porsche,boxster,boxster spyder
porsche,boxster,boxster t
porsche,carrera,carrera
porsche,carrera gt,carrera gt
porsche,cayenne,cayenne
porsche,cayenne,cayenne coupe
porsche,cayenne,cayenne diesel
porsche,cayenne,cayenne gts
porsche,cayenne,cayenne platinum
porsche,cayenne,cayenne s
porsche,cayenne,cayenne transsiberia
porsche,cayenne,cayenne turbo
porsche,cayenne,cayenne turbo coupe
porsche,cayenne,cayenne turbo gt
porsche,cayenne,cayenne turbo kit
porsche,cayenne,cayenne turbo s
porsche,cayman,cayman
porsche,cayman,cayman gt4
porsche,cayman,cayman gts
porsche,cayman,cayman r
porsche,cayman,cayman s
porsche,cayman,cayman t
porsche,macan,macan
porsche,macan,macan gts
porsche,macan,macan s
porsche,macan,macan t
porsche,macan,macan turbo
porsche,new 911 carrera,new 911 carrera
porsche,new 911 carrera,new 911 carrera s
porsche,panamera,panamera
porsche,panamera,panamera 4
porsche,panamera,panamera 4s
porsche,panamera,panamera gts
porsche,panamera,panamera gts st
porsche,panamera,panamera s
porsche,panamera,panamera turbo
porsche,panamera,panamera turbo s
porsche,panamera,panamera turbo st
porsche,targa,targa
porsche,taycan,taycan
porsche,taycan,taycan gts
porsche,taycan,taycan turbo
porsche,taycan,taycan turbo s
renault,18i/wagon/sportwagon,18i
renault,18i/wagon/sportwagon,sportwagon
renault,alliance/encore,alliance
renault,alliance/encore,alliance convertible
renault,alliance/encore,alliance/encore
renault,fuego,fuego
renault,gta,gta
renault,gta,gta convertible
rolls-royce,azure,azure
rolls-royce,brooklands/turbo r,brooklands
rolls-royce,brooklands/turbo r,brooklands and (lwb)
rolls-royce,brooklands/turbo r,brooklands/brklnds l
rolls-royce,brooklands/turbo r,turbo r
rolls-royce,brooklands/turbo r,turbo r/rl bklds turbo/lwb
rolls-royce,brooklands/turbo r,turbo r/turbo r(lwb)
rolls-royce,brooklands/turbo r,turbo r/turbo rl
rolls-royce,camargue,camargue
rolls-royce,corniche/continental,continental
rolls-royce,corniche/continental,continental (turbo)
rolls-royce,corniche/continental,continental r
rolls-royce,corniche/continental,continental t
rolls-royce,corniche/continental,corniche
rolls-royce,corniche/continental,corniche ii
rolls-royce,corniche/continental,corniche ii/continental
rolls-royce,corniche/continental,corniche iii
rolls-royce,corniche/continental,corniche iv
rolls-royce,corniche/continental,corniche s
rolls-royce,corniche/continental,corniche/continental
rolls-royce,cullinan,cullinan
rolls-royce,cullinan,cullinan black badge
rolls-royce,dawn,dawn
rolls-royce,dawn,dawn black badge
rolls-royce,eight/mulsan/mulsanne,eight/mulsan
rolls-royce,eight/mulsan/mulsanne,eight/mulsanne s
rolls-royce,eight/mulsan/mulsanne,eight/mulsanne s and s
rolls-royce,flying spur,flying spur
rolls-royce,ghost,ghost
rolls-royce,ghost,ghost black badge
rolls-royce,ghost,ghost ewb
rolls-royce,ghost,ghost extended
rolls-royce,limousine,limousine
rolls-royce,park ward,park ward
rolls-royce,phantom,phantom
rolls-royce,phantom,phantom coupe
rolls-royce,phantom,phantom drophead coupe
rolls-royce,phantom,phantom ewb
rolls-royce,phantom,phantom extended
rolls-royce,silver dawn,silver dawn
rolls-royce,silver seraph,silver seraph
rolls-royce,silver spirit ii/silver spur,silver spirit
rolls-royce,silver spur,silver spur
rolls-royce,silver spur/silver dawn,silver shadow
rolls-royce,spectre,spectre (22 inch wheels)
rolls-royce,spectre,spectre (23 inch wheels)
rolls-royce,spectre,spectre black badge (22 inch wheels)
rolls-royce,spectre,spectre black badge (23 inch wheels)
rolls-royce,spirit iii/spur iii/dawn,spirit iii/spur iii/dawn
rolls-royce,wraith,wraith
rolls-royce,wraith,wraith black badge
ruf automobile,ruf turbo 12/ctr3,ruf turbo 12/ctr3
ruf automobile,rufturbo12/ctr3/ctr2017,rufturbo12/ctr3/ctr2017
ruf automobile,t12/ctr3/ctr anniversary,t12/ctr3/ctr anniversary
ruf automobile,turbo12/ctr3/ctr anniversary,turbo12/ctr3/ctr anniversary
ruf automobile gmbh,ruf,ruf
saab,9-2,9-2x wagon awd
saab,9-3,9-3
saab,9-3,9-3 convertible
saab,9-3,9-3 sedan awd
saab,9-3,9-3 sport sedan
saab,9-3,9-3 sportcombi
saab,9-3,9-3 viggen
saab,9-3,9-3 viggen convertible
saab,9-3,9-3x sportcombi awd
saab,9-4,9-4x awd
saab,9-4,9-4x fwd
saab,9-5,9-5
saab,9-5,9-5 sedan
saab,9-5,9-5 sedan awd
saab,9-5,9-5 sportcombi
saab,9-5,9-5 wagon
saab,9-7,9-7x awd
saab,900,900
saab,900,900 convertible
saab,900,900s
saab,900,900s convertible
saab,900,900se
saab,900,900se convertible
saab,9000,9000
saab,convertible,convertible
seat,ateca,ateca
seat,alhambra,alhambra
seat,arona,arona
seat,leon,leon
seat,ibiza,ibiza
seat,tarraco,tarraco
seat,toledo,toledo
shelby,mustang gt,mustang gt
smart,fortwo,fortwo
smart,fortwo,fortwo convertible
smart,fortwo,fortwo coupe
smart,fortwo,fortwo electric drive cabriolet
smart,fortwo,fortwo electric drive convertible
smart,fortwo,fortwo electric drive coupe
subaru,ascent,ascent
subaru,baja,baja awd
subaru,brat,brat 4wd
subaru,brz,brz
subaru,brz,brz ts
subaru,crosstrek,crosstrek
subaru,forester,forester
subaru,hatchback,hatchback
subaru,hatchback,hatchback 4wd
subaru,impreza,impreza
subaru,impreza,impreza 4-door
subaru,impreza,impreza 5-door
subaru,impreza,impreza sport 4-door
subaru,impreza,impreza sport 5-door
subaru,impreza/outback sport,impreza
subaru,impreza/outback sport,impreza 4-door
subaru,impreza/outback sport,impreza 5-door
subaru,impreza/outback sport,impreza awd
subaru,impreza/outback sport,impreza sport 4-door
subaru,impreza/outback sport,impreza sport 5-door
subaru,impreza/outback sport,impreza sport awd
subaru,impreza/outback sport,impreza wagon
subaru,impreza/outback sport,impreza wagon awd
subaru,impreza/outback sport,impreza wagon/outback sport
subaru,impreza/outback sport,impreza wagon/outback sport awd
subaru,impreza/outback sport,impreza wagon/outback spt awd
subaru,justy,justy
subaru,justy,justy 4wd
subaru,justy,justy awd
subaru,legacy,legacy awd
subaru,legacy/outback,legacy
subaru,legacy/outback,legacy 4wd
subaru,legacy/outback,legacy 4wd turbo
subaru,legacy/outback,legacy awd
subaru,legacy/outback,legacy awd (incl. outback)
subaru,legacy/outback,legacy awd turbo
subaru,legacy/outback,legacy turbo
subaru,legacy/outback,legacy wagon
subaru,legacy/outback,legacy wagon 4wd
subaru,legacy/outback,legacy wagon awd
subaru,legacy/outback,legacy wagon awd (incl. outback)
subaru,legacy/outback,legacy wagon awd turbo
subaru,legacy/outback,legacy/outback awd
subaru,legacy/outback,legacy/outback wagon awd
subaru,legacy/outback,outback awd
subaru,legacy/outback,outback wagon awd
subaru,loyale,loyale
subaru,loyale,loyale 4wd
subaru,loyale,loyale 4wd turbo
subaru,loyale,loyale awd
subaru,loyale,loyale wagon
subaru,loyale,loyale wagon 4wd
subaru,loyale,loyale wagon 4wd turbo
subaru,loyale,loyale wagon awd
subaru,outback,outback awd
subaru,outback,outback wilderness awd
subaru,rx turbo,rx turbo
subaru,sedan,3 door 4wd turbo
subaru,sedan,sedan
subaru,sedan,sedan
subaru,solterra,solterra awd
subaru,svx,svx
subaru,svx,svx awd
subaru,tribeca,b9 tribeca awd
subaru,tribeca,tribeca awd
subaru,wagon,wagon
subaru,wagon,wagon 4wd
subaru,wagon,wagon 4wd turbo
subaru,wrx,wrx
subaru,wrx,wrx sti type ra
subaru,xt,xt
subaru,xv,xv
suzuki,aerio,aerio
suzuki,aerio,aerio 4wd
suzuki,aerio,aerio awd
suzuki,aerio,aerio sx
suzuki,aerio,aerio sx 4wd
suzuki,aerio,aerio sx awd
suzuki,equator,equator 2wd
suzuki,equator,equator 4wd
suzuki,esteem,esteem
suzuki,esteem,esteem wagon
suzuki,forenza,forenza
suzuki,forenza,forenza wagon
suzuki,forsa,forsa
suzuki,forsa,forsa turbo
suzuki,grand vitara,grand vitara
suzuki,grand vitara,grand vitara 4door 2wd
suzuki,grand vitara,grand vitara 4door 4wd
suzuki,grand vitara,grand vitara 4wd
suzuki,grand vitara,grand vitara awd
suzuki,grand vitara,grand vitara xl7
suzuki,grand vitara,grand vitara xl7 4wd
suzuki,kizashi,kizashi
suzuki,kizashi,kizashi awd
suzuki,kizashi,kizashi s
suzuki,kizashi,kizashi s awd
suzuki,reno,reno
suzuki,sa 310,sa310
suzuki,samurai,samurai
suzuki,samurai,samurai 2wd
suzuki,samurai,samurai convertible
suzuki,samurai,samurai hardtop
suzuki,samurai,samurai hardtop 4wd
suzuki,samurai,samurai soft-top 4wd
suzuki,sidekick,sidekick 2door 2wd
suzuki,sidekick,sidekick 2door 4wd
suzuki,sidekick,sidekick 2door rwd
suzuki,sidekick,sidekick 2wd
suzuki,sidekick,sidekick 4door 2wd
suzuki,sidekick,sidekick 4door 4wd
suzuki,sidekick,sidekick 4door rwd
suzuki,sidekick,sidekick convertible 4wd
suzuki,sidekick,sidekick hardtop 2wd
suzuki,sidekick,sidekick hardtop 4wd
suzuki,sidekick,sidekick soft-top 4wd
suzuki,sidekick,sidekick sport 2wd
suzuki,sidekick,sidekick sport 4wd
suzuki,sidekick,sidekick sport rwd
suzuki,sj 410,sj 410 4wd
suzuki,sj 410,sj 410v 4wd
suzuki,sj 410,sj410k p/u 4wd
suzuki,sw,sw
suzuki,swift,swift
suzuki,swift,swift ga
suzuki,swift,swift gt
suzuki,swift,swift gti
suzuki,swift,swift x
suzuki,sx4,sx4
suzuki,sx4,sx4 awd
suzuki,sx4,sx4 sedan
suzuki,sx4,sx4 sport
suzuki,sx4,sx4 sport/anniversary edition
suzuki,verona,verona
suzuki,vitara,vitara 2 door
suzuki,vitara,vitara 2 door 4wd
suzuki,vitara,vitara 2door
suzuki,vitara,vitara 2door 2wd
suzuki,vitara,vitara 2door 4wd
suzuki,vitara,vitara 4 door
suzuki,vitara,vitara 4 door 4wd
suzuki,vitara,vitara 4door
suzuki,vitara,vitara 4door 2wd
suzuki,vitara,vitara 4door 4wd
suzuki,x-90,x-90 2wd
suzuki,x-90,x-90 4wd
suzuki,x-90,x-90 rwd
suzuki,xl7,xl7 awd
suzuki,xl7,xl7 fwd
tesla,model 3,model 3
tesla,model 3,model 3 electric performance
tesla,model 3,model 3 electric standard range
tesla,model s,model s
tesla,model x,model x
tesla,model y,model y
toyota,4runner,4runner
toyota,86,86
toyota,gr,gr86
toyota,avalon,avalon
toyota,bz4x,bz4x
toyota,c-hr,c-hr
toyota,cab chassis,cab chassis
toyota,camry,camry
toyota,celica,celica
toyota,corolla,corolla
toyota,corolla,corolla altis
toyota,corolla cross,corolla cross
toyota,cressida,cressida
toyota,crown,crown awd
toyota,echo,echo
toyota,fj cruiser,fj cruiser
toyota,gr 86,gr 86
toyota,gr supra,gr supra
toyota,highlander,highlander
toyota,land cruiser,land cruiser
toyota,matrix,matrix
toyota,mirai,mirai
toyota,mirai,mirai limited
toyota,mr2,mr2
toyota,paseo,paseo
toyota,previa,previa
toyota,prius,prius
toyota,prius,prius c
toyota,prius,prius eco
toyota,prius c,prius c
toyota,prius prime,prius prime
toyota,prius prime,prius prime se
toyota,prius v,prius v
toyota,rav4,rav4
toyota,rav4,rav4
toyota,rav4 prime,rav4 prime 4wd
toyota,sequoia,sequoia
toyota,sienna,sienna
toyota,sienna,sienna hybrid
toyota,starlet,starlet
toyota,supra,supra
toyota,tacoma,tacoma
toyota,tercel,tercel
toyota,tercel,tercel ez
toyota,tercel,tercel wagon
toyota,truck/t100,1-ton truck 2wd
toyota,truck/t100,t100 2wd
toyota,truck/t100,t100 4wd
toyota,truck/t100,truck 2wd
toyota,truck/t100,truck 2wd/t100 2wd
toyota,truck/t100,truck 4wd
toyota,truck/t100,truck 4wd/t100 4wd
toyota,tundra,tundra 2wd
toyota,tundra,tundra 2wd ffv
toyota,tundra,tundra 4wd
toyota,tundra,tundra 4wd ffv
toyota,tundra,tundra 4wd pro
toyota,van,cargo van 2wd
toyota,van,cargo van 4wd
toyota,van,van 2wd
toyota,van,van 2wd (cargo)
toyota,van,van 2wd (passenger)
toyota,van,van 4wd
toyota,van,van 4wd (cargo)
toyota,van,van 4wd (passenger)
toyota,venza,venza
toyota,venza,venza 4wd
toyota,venza,venza awd
toyota,yaris,yaris
toyota,yaris,gr yaris
toyota,yaris,yaris ia
volkswagen,arteon,arteon
volkswagen,arteon,arteon 4motion
volkswagen,atlas,atlas
volkswagen,atlas,atlas 4motion
volkswagen,atlas,atlas 4motion peak edition
volkswagen,atlas,atlas cross sport
volkswagen,atlas,atlas cross sport 4motion
volkswagen,atlas,atlas se 4motion
volkswagen,atlas,atlas sel 4motion
volkswagen,beetle,beetle
volkswagen,beetle,beetle convertible
volkswagen,beetle,beetle dune
volkswagen,beetle,beetle dune convertible
volkswagen,beetle,new beetle
volkswagen,beetle,new beetle convertible
volkswagen,cabrio,cabrio
volkswagen,cabriolet,cabriolet
volkswagen,cc,cc
volkswagen,cc,cc 4motion
volkswagen,corrado,corrado
volkswagen,corrado,corrado slc
volkswagen,eos,eos
volkswagen,eurovan,eurovan
volkswagen,eurovan,eurovan camper
volkswagen,fox,fox
volkswagen,fox,fox gl wagon
volkswagen,fox,fox wagon
volkswagen,gli,gli
volkswagen,golf/gti,e-golf
volkswagen,golf/gti,golf
volkswagen,golf/gti,golf alltrack
volkswagen,golf/gti,golf iii
volkswagen,golf/gti,golf iii / gti
volkswagen,golf/gti,golf r
volkswagen,golf/gti,golf sportwagen
volkswagen,golf/gti,golf sportwagen 4motion
volkswagen,golf/gti,golf-r
volkswagen,golf/gti,golf/gti
volkswagen,golf/gti,gti
volkswagen,golf/gti,gti 16v
volkswagen,golf/gti,gti vr6
volkswagen,golf/gti,gti/golf gt
volkswagen,golf/gti,new golf
volkswagen,golf/gti,new gti
volkswagen,id.4,id.4
volkswagen,id.4,id.4 1st
volkswagen,id.4,id.4 awd pro
volkswagen,id.4,id.4 awd pro s
volkswagen,id.4,id.4 pro
volkswagen,id.4,id.4 pro s
volkswagen,id.4,id.4 s
volkswagen,jetta,jetta
volkswagen,jetta,jetta hybrid
volkswagen,jetta,jetta wagon
volkswagen,jetta,new jetta
volkswagen,passat,passat
volkswagen,passat,passat wagon
volkswagen,phaeton,phaeton
volkswagen,quantum,quantum
volkswagen,quantum,quantum wagon
volkswagen,r32,r32
volkswagen,rabbit,rabbit
volkswagen,rabbit,rabbit convertible
volkswagen,routan,routan
volkswagen,routan,routan fwd
volkswagen,scirocco,scirocco
volkswagen,scirocco,scirocco 16v
volkswagen,taos,taos
volkswagen,taos,taos 4motion
volkswagen,tiguan,tiguan
volkswagen,tiguan,tiguan 4motion
volkswagen,tiguan,tiguan limited
volkswagen,tiguan,tiguan limited 4motion
volkswagen,tiguan,tiguan r-line 4motion
volkswagen,tiguan,tiguan s
volkswagen,touareg,touareg
volvo,240,240
volvo,240,240 dl/240 gl
volvo,240,240 dl/240 gl wagon
volvo,240,240 dl/gl/turbo
volvo,240,240 dl/gl/turbo wagon
volvo,240,240 wagon
volvo,740/760,740
volvo,740/760,740 16-valve
volvo,740/760,740 16-valve wagon
volvo,740/760,740 wagon
volvo,740/760,740/760
volvo,740/760,740/760 wagon
volvo,740/760,760
volvo,740/760,760 gle
volvo,740/760,760 wagon
volvo,780,780
volvo,850,850
volvo,850,850 wagon
volvo,940,940
volvo,940,940 gle 16-valve
volvo,940,940 gle 16-valve wagon
volvo,940,940 se
volvo,940,940 se wagon
volvo,940,940 turbo
volvo,940,940 turbo wagon
volvo,940,940 wagon
volvo,960,960
volvo,960,960 wagon
volvo,960 wagon/v90,960 wagon/v90
volvo,960/s90,960/s90
volvo,c30,c30 fwd
volvo,c40,c40 recharge
volvo,c70,c70
volvo,c70,c70 convertible
volvo,c70,c70 coupe
volvo,c70,c70 fwd
volvo,c70,new c70 convertible
volvo,coupe,coupe
volvo,s40,s40 awd
volvo,s40,s40 fwd
volvo,s60,s60
volvo,s60,s60 awd
volvo,s60,s60 awd phev
volvo,s60,s60 b5
volvo,s60,s60 b5 awd
volvo,s60,s60 cc awd
volvo,s60,s60 fwd
volvo,s60,s60 inscription awd
volvo,s60,s60 inscription fwd
volvo,s60,s60 polestar awd
volvo,s60,s60 r awd
volvo,s60,s60 t8 awd recharge
volvo,s60,s60 t8 awd recharge ext. range
volvo,s70,s70
volvo,s70,s70 awd
volvo,s80,s80
volvo,s80,s80 awd
volvo,s80,s80 fwd
volvo,s80,s80/s80 executive
volvo,s80,s80/s80 premier
volvo,s90,s90
volvo,s90,s90 awd
volvo,s90,s90 awd phev
volvo,s90,s90 b6 awd
volvo,s90,s90 fwd
volvo,s90,s90 t8 awd recharge
volvo,s90,s90 t8 awd recharge ext. range
volvo,v40,v40
volvo,v50,v50
volvo,v60,v60
volvo,v60,v60 polestar
volvo,v60,v60 t8
volvo,v60,v60cc
volvo,v70,v70
volvo,v70 xc,v70 xc
volvo,v90,v90
volvo,xc40,xc40
volvo,xc40,xc40 t4
volvo,xc40,xc40 t5
volvo,xc60,xc60
volvo,xc60,xc60 t8
volvo,xc70,xc70
volvo,xc90,xc90
volvo,xc90,xc90 t5
volvo,xc90,xc90 t6
volvo,xc90,xc90 t8